event_id,hotspot_id,timestamp,rain_1h,rain_3h,rain_6h,rain_past_24h,waterlogged_proxy,inundation_depth_proxy_m,proxy_risk_tier,cell_id,is_proxy,data_source
EVT_2023_MICHAUNG,HS01,2023-12-03T00:00,2.5,5.6,11.3,0,False,0.0,Low,CELL_VEL_01,True,Proxy/Synthetic Development Observation (Calibrated to GCC Chronic Hotspot Trigger Thresholds)
EVT_2023_MICHAUNG,HS01,2023-12-03T01:00,1.0,5.0,13.4,2.5,False,0.0,Moderate,CELL_VEL_01,True,Proxy/Synthetic Development Observation (Calibrated to GCC Chronic Hotspot Trigger Thresholds)
EVT_2023_MICHAUNG,HS01,2023-12-03T02:00,2.1,6.0,15.8,3.5,False,0.0,Moderate,CELL_VEL_01,True,Proxy/Synthetic Development Observation (Calibrated to GCC Chronic Hotspot Trigger Thresholds)
EVT_2023_MICHAUNG,HS01,2023-12-03T03:00,1.9,5.7,14.6,5.6,False,0.0,Moderate,CELL_VEL_01,True,Proxy/Synthetic Development Observation (Calibrated to GCC Chronic Hotspot Trigger Thresholds)
EVT_2023_MICHAUNG,HS01,2023-12-03T04:00,2.0,8.4,13.9,7.5,False,0.0,Moderate,CELL_VEL_01,True,Proxy/Synthetic Development Observation (Calibrated to GCC Chronic Hotspot Trigger Thresholds)
EVT_2023_MICHAUNG,HS01,2023-12-03T05:00,1.8,9.8,13.3,9.5,False,0.0,Moderate,CELL_VEL_01,True,Proxy/Synthetic Development Observation (Calibrated to GCC Chronic Hotspot Trigger Thresholds)
EVT_2023_MICHAUNG,HS01,2023-12-03T06:00,4.6,8.9,13.4,11.3,False,0.0,Moderate,CELL_VEL_01,True,Proxy/Synthetic Development Observation (Calibrated to GCC Chronic Hotspot Trigger Thresholds)
EVT_2023_MICHAUNG,HS01,2023-12-03T07:00,3.4,5.5,18.5,15.9,False,0.0,Moderate,CELL_VEL_01,True,Proxy/Synthetic Development Observation (Calibrated to GCC Chronic Hotspot Trigger Thresholds)
EVT_2023_MICHAUNG,HS01,2023-12-03T08:00,0.9,3.5,20.8,19.3,False,0.0,Moderate,CELL_VEL_01,True,Proxy/Synthetic Development Observation (Calibrated to GCC Chronic Hotspot Trigger Thresholds)
EVT_2023_MICHAUNG,HS01,2023-12-03T09:00,1.2,4.5,20.7,20.2,False,0.0,Moderate,CELL_VEL_01,True,Proxy/Synthetic Development Observation (Calibrated to GCC Chronic Hotspot Trigger Thresholds)
EVT_2023_MICHAUNG,HS01,2023-12-03T10:00,1.4,13.0,20.7,21.4,False,0.0,Moderate,CELL_VEL_01,True,Proxy/Synthetic Development Observation (Calibrated to GCC Chronic Hotspot Trigger Thresholds)
EVT_2023_MICHAUNG,HS01,2023-12-03T11:00,1.9,17.3,19.6,22.8,False,0.0,Moderate,CELL_VEL_01,True,Proxy/Synthetic Development Observation (Calibrated to GCC Chronic Hotspot Trigger Thresholds)
EVT_2023_MICHAUNG,HS01,2023-12-03T12:00,9.7,16.2,19.1,24.7,False,0.0,Moderate,CELL_VEL_01,True,Proxy/Synthetic Development Observation (Calibrated to GCC Chronic Hotspot Trigger Thresholds)
EVT_2023_MICHAUNG,HS01,2023-12-03T13:00,5.7,7.7,11.6,34.4,False,0.0,Low,CELL_VEL_01,True,Proxy/Synthetic Development Observation (Calibrated to GCC Chronic Hotspot Trigger Thresholds)
EVT_2023_MICHAUNG,HS01,2023-12-03T14:00,0.8,2.3,7.2,40.1,False,0.0,Low,CELL_VEL_01,True,Proxy/Synthetic Development Observation (Calibrated to GCC Chronic Hotspot Trigger Thresholds)
EVT_2023_MICHAUNG,HS01,2023-12-03T15:00,1.2,2.9,7.4,40.9,False,0.0,Low,CELL_VEL_01,True,Proxy/Synthetic Development Observation (Calibrated to GCC Chronic Hotspot Trigger Thresholds)
EVT_2023_MICHAUNG,HS01,2023-12-03T16:00,0.3,3.9,7.4,42.1,False,0.0,Low,CELL_VEL_01,True,Proxy/Synthetic Development Observation (Calibrated to GCC Chronic Hotspot Trigger Thresholds)
EVT_2023_MICHAUNG,HS01,2023-12-03T17:00,1.4,4.9,9.4,42.4,False,0.0,Low,CELL_VEL_01,True,Proxy/Synthetic Development Observation (Calibrated to GCC Chronic Hotspot Trigger Thresholds)
EVT_2023_MICHAUNG,HS01,2023-12-03T18:00,2.2,4.5,10.2,43.8,False,0.0,Low,CELL_VEL_01,True,Proxy/Synthetic Development Observation (Calibrated to GCC Chronic Hotspot Trigger Thresholds)
EVT_2023_MICHAUNG,HS01,2023-12-03T19:00,1.3,3.5,12.3,46.0,False,0.0,Low,CELL_VEL_01,True,Proxy/Synthetic Development Observation (Calibrated to GCC Chronic Hotspot Trigger Thresholds)
EVT_2023_MICHAUNG,HS01,2023-12-03T20:00,1.0,4.5,13.6,47.3,False,0.0,Moderate,CELL_VEL_01,True,Proxy/Synthetic Development Observation (Calibrated to GCC Chronic Hotspot Trigger Thresholds)
EVT_2023_MICHAUNG,HS01,2023-12-03T21:00,1.2,5.7,16.0,48.3,False,0.0,Moderate,CELL_VEL_01,True,Proxy/Synthetic Development Observation (Calibrated to GCC Chronic Hotspot Trigger Thresholds)
EVT_2023_MICHAUNG,HS01,2023-12-03T22:00,2.3,8.8,17.4,49.5,False,0.0,Moderate,CELL_VEL_01,True,Proxy/Synthetic Development Observation (Calibrated to GCC Chronic Hotspot Trigger Thresholds)
EVT_2023_MICHAUNG,HS01,2023-12-03T23:00,2.2,9.1,17.3,51.8,False,0.0,Moderate,CELL_VEL_01,True,Proxy/Synthetic Development Observation (Calibrated to GCC Chronic Hotspot Trigger Thresholds)
EVT_2023_MICHAUNG,HS01,2023-12-04T00:00,4.3,10.3,20.1,54.0,False,0.0,Moderate,CELL_VEL_01,True,Proxy/Synthetic Development Observation (Calibrated to GCC Chronic Hotspot Trigger Thresholds)
EVT_2023_MICHAUNG,HS01,2023-12-04T01:00,2.6,8.6,34.0,55.8,False,0.0,Moderate,CELL_VEL_01,True,Proxy/Synthetic Development Observation (Calibrated to GCC Chronic Hotspot Trigger Thresholds)
EVT_2023_MICHAUNG,HS01,2023-12-04T02:00,3.4,8.2,57.5,57.4,False,0.0,Moderate,CELL_VEL_01,True,Proxy/Synthetic Development Observation (Calibrated to GCC Chronic Hotspot Trigger Thresholds)
EVT_2023_MICHAUNG,HS01,2023-12-04T03:00,2.6,9.8,75.6,58.7,True,2.16,Severe,CELL_VEL_01,True,Proxy/Synthetic Development Observation (Calibrated to GCC Chronic Hotspot Trigger Thresholds)
EVT_2023_MICHAUNG,HS01,2023-12-04T04:00,2.2,25.4,85.9,59.4,True,2.16,Severe,CELL_VEL_01,True,Proxy/Synthetic Development Observation (Calibrated to GCC Chronic Hotspot Trigger Thresholds)
EVT_2023_MICHAUNG,HS01,2023-12-04T05:00,5.0,49.3,92.4,59.6,True,2.16,Severe,CELL_VEL_01,True,Proxy/Synthetic Development Observation (Calibrated to GCC Chronic Hotspot Trigger Thresholds)
EVT_2023_MICHAUNG,HS01,2023-12-04T06:00,18.2,65.8,94.1,62.8,True,2.16,Severe,CELL_VEL_01,True,Proxy/Synthetic Development Observation (Calibrated to GCC Chronic Hotspot Trigger Thresholds)
EVT_2023_MICHAUNG,HS01,2023-12-04T07:00,26.1,60.5,89.7,76.4,True,2.16,Severe,CELL_VEL_01,True,Proxy/Synthetic Development Observation (Calibrated to GCC Chronic Hotspot Trigger Thresholds)
EVT_2023_MICHAUNG,HS01,2023-12-04T08:00,21.5,43.1,70.5,99.1,True,2.12,Severe,CELL_VEL_01,True,Proxy/Synthetic Development Observation (Calibrated to GCC Chronic Hotspot Trigger Thresholds)
EVT_2023_MICHAUNG,HS01,2023-12-04T09:00,12.9,28.3,57.7,119.7,False,0.0,Moderate,CELL_VEL_01,True,Proxy/Synthetic Development Observation (Calibrated to GCC Chronic Hotspot Trigger Thresholds)
EVT_2023_MICHAUNG,HS01,2023-12-04T10:00,8.7,29.2,61.1,131.4,True,1.83,Severe,CELL_VEL_01,True,Proxy/Synthetic Development Observation (Calibrated to GCC Chronic Hotspot Trigger Thresholds)
EVT_2023_MICHAUNG,HS01,2023-12-04T11:00,6.7,27.4,66.8,138.7,True,2.0,Severe,CELL_VEL_01,True,Proxy/Synthetic Development Observation (Calibrated to GCC Chronic Hotspot Trigger Thresholds)
EVT_2023_MICHAUNG,HS01,2023-12-04T12:00,13.8,29.4,67.6,143.5,True,2.03,Severe,CELL_VEL_01,True,Proxy/Synthetic Development Observation (Calibrated to GCC Chronic Hotspot Trigger Thresholds)
EVT_2023_MICHAUNG,HS01,2023-12-04T13:00,6.9,31.9,73.0,147.6,True,2.16,Severe,CELL_VEL_01,True,Proxy/Synthetic Development Observation (Calibrated to GCC Chronic Hotspot Trigger Thresholds)
EVT_2023_MICHAUNG,HS01,2023-12-04T14:00,8.7,39.4,84.1,148.8,True,2.16,Severe,CELL_VEL_01,True,Proxy/Synthetic Development Observation (Calibrated to GCC Chronic Hotspot Trigger Thresholds)
EVT_2023_MICHAUNG,HS01,2023-12-04T15:00,16.3,38.2,92.0,156.7,True,2.16,Severe,CELL_VEL_01,True,Proxy/Synthetic Development Observation (Calibrated to GCC Chronic Hotspot Trigger Thresholds)
EVT_2023_MICHAUNG,HS01,2023-12-04T16:00,14.4,41.1,83.7,171.8,True,2.16,Severe,CELL_VEL_01,True,Proxy/Synthetic Development Observation (Calibrated to GCC Chronic Hotspot Trigger Thresholds)
EVT_2023_MICHAUNG,HS01,2023-12-04T17:00,7.5,44.7,76.4,185.9,True,2.16,Severe,CELL_VEL_01,True,Proxy/Synthetic Development Observation (Calibrated to GCC Chronic Hotspot Trigger Thresholds)
EVT_2023_MICHAUNG,HS01,2023-12-04T18:00,19.2,53.8,74.0,192.0,True,2.16,Severe,CELL_VEL_01,True,Proxy/Synthetic Development Observation (Calibrated to GCC Chronic Hotspot Trigger Thresholds)
EVT_2023_MICHAUNG,HS01,2023-12-04T19:00,18.0,42.6,60.6,209.0,True,1.82,Severe,CELL_VEL_01,True,Proxy/Synthetic Development Observation (Calibrated to GCC Chronic Hotspot Trigger Thresholds)
EVT_2023_MICHAUNG,HS01,2023-12-04T20:00,16.6,31.7,46.5,225.7,False,0.0,Moderate,CELL_VEL_01,True,Proxy/Synthetic Development Observation (Calibrated to GCC Chronic Hotspot Trigger Thresholds)
EVT_2023_MICHAUNG,HS01,2023-12-04T21:00,8.0,20.2,34.1,241.3,False,0.0,Moderate,CELL_VEL_01,True,Proxy/Synthetic Development Observation (Calibrated to GCC Chronic Hotspot Trigger Thresholds)
EVT_2023_MICHAUNG,HS01,2023-12-04T22:00,7.1,18.0,26.4,248.1,False,0.0,Moderate,CELL_VEL_01,True,Proxy/Synthetic Development Observation (Calibrated to GCC Chronic Hotspot Trigger Thresholds)
EVT_2023_MICHAUNG,HS01,2023-12-04T23:00,5.1,14.8,19.3,252.9,False,0.0,Moderate,CELL_VEL_01,True,Proxy/Synthetic Development Observation (Calibrated to GCC Chronic Hotspot Trigger Thresholds)
EVT_2023_MICHAUNG,HS01,2023-12-05T00:00,5.8,13.9,14.2,255.8,False,0.0,Moderate,CELL_VEL_01,True,Proxy/Synthetic Development Observation (Calibrated to GCC Chronic Hotspot Trigger Thresholds)
EVT_2023_MICHAUNG,HS01,2023-12-05T01:00,3.9,8.4,8.4,257.3,False,0.0,Low,CELL_VEL_01,True,Proxy/Synthetic Development Observation (Calibrated to GCC Chronic Hotspot Trigger Thresholds)
EVT_2023_MICHAUNG,HS01,2023-12-05T02:00,4.2,4.5,4.5,258.6,False,0.0,Low,CELL_VEL_01,True,Proxy/Synthetic Development Observation (Calibrated to GCC Chronic Hotspot Trigger Thresholds)
EVT_2023_MICHAUNG,HS01,2023-12-05T03:00,0.3,0.3,0.3,259.4,False,0.0,Low,CELL_VEL_01,True,Proxy/Synthetic Development Observation (Calibrated to GCC Chronic Hotspot Trigger Thresholds)
EVT_2023_MICHAUNG,HS01,2023-12-05T04:00,0.0,0.0,0.0,257.1,False,0.0,Low,CELL_VEL_01,True,Proxy/Synthetic Development Observation (Calibrated to GCC Chronic Hotspot Trigger Thresholds)
EVT_2023_MICHAUNG,HS01,2023-12-05T05:00,0.0,0.0,0.0,254.9,False,0.0,Low,CELL_VEL_01,True,Proxy/Synthetic Development Observation (Calibrated to GCC Chronic Hotspot Trigger Thresholds)
EVT_2023_MICHAUNG,HS01,2023-12-05T06:00,0.0,0.0,0.0,249.9,False,0.0,Low,CELL_VEL_01,True,Proxy/Synthetic Development Observation (Calibrated to GCC Chronic Hotspot Trigger Thresholds)
EVT_2023_MICHAUNG,HS01,2023-12-05T07:00,0.0,0.0,0.0,231.7,False,0.0,Low,CELL_VEL_01,True,Proxy/Synthetic Development Observation (Calibrated to GCC Chronic Hotspot Trigger Thresholds)
EVT_2023_MICHAUNG,HS01,2023-12-05T08:00,0.0,0.0,0.0,205.6,False,0.0,Low,CELL_VEL_01,True,Proxy/Synthetic Development Observation (Calibrated to GCC Chronic Hotspot Trigger Thresholds)
EVT_2023_MICHAUNG,HS01,2023-12-05T09:00,0.0,0.0,0.0,184.1,False,0.0,Low,CELL_VEL_01,True,Proxy/Synthetic Development Observation (Calibrated to GCC Chronic Hotspot Trigger Thresholds)
EVT_2023_MICHAUNG,HS01,2023-12-05T10:00,0.0,0.0,0.0,171.2,False,0.0,Low,CELL_VEL_01,True,Proxy/Synthetic Development Observation (Calibrated to GCC Chronic Hotspot Trigger Thresholds)
EVT_2023_MICHAUNG,HS01,2023-12-05T11:00,0.0,0.0,0.1,162.5,False,0.0,Low,CELL_VEL_01,True,Proxy/Synthetic Development Observation (Calibrated to GCC Chronic Hotspot Trigger Thresholds)
EVT_2023_MICHAUNG,HS01,2023-12-05T12:00,0.0,0.0,0.1,155.8,False,0.0,Low,CELL_VEL_01,True,Proxy/Synthetic Development Observation (Calibrated to GCC Chronic Hotspot Trigger Thresholds)
EVT_2023_MICHAUNG,HS01,2023-12-05T13:00,0.0,0.0,0.1,142.0,False,0.0,Low,CELL_VEL_01,True,Proxy/Synthetic Development Observation (Calibrated to GCC Chronic Hotspot Trigger Thresholds)
EVT_2023_MICHAUNG,HS01,2023-12-05T14:00,0.0,0.1,0.1,135.1,False,0.0,Low,CELL_VEL_01,True,Proxy/Synthetic Development Observation (Calibrated to GCC Chronic Hotspot Trigger Thresholds)
EVT_2023_MICHAUNG,HS01,2023-12-05T15:00,0.0,0.1,0.1,126.4,False,0.0,Low,CELL_VEL_01,True,Proxy/Synthetic Development Observation (Calibrated to GCC Chronic Hotspot Trigger Thresholds)
EVT_2023_MICHAUNG,HS01,2023-12-05T16:00,0.1,0.1,0.1,110.1,False,0.0,Low,CELL_VEL_01,True,Proxy/Synthetic Development Observation (Calibrated to GCC Chronic Hotspot Trigger Thresholds)
EVT_2023_MICHAUNG,HS01,2023-12-05T17:00,0.0,0.0,0.0,95.8,False,0.0,Low,CELL_VEL_01,True,Proxy/Synthetic Development Observation (Calibrated to GCC Chronic Hotspot Trigger Thresholds)
EVT_2023_MICHAUNG,HS01,2023-12-05T18:00,0.0,0.0,0.0,88.3,False,0.0,Low,CELL_VEL_01,True,Proxy/Synthetic Development Observation (Calibrated to GCC Chronic Hotspot Trigger Thresholds)
EVT_2023_MICHAUNG,HS01,2023-12-05T19:00,0.0,0.0,0.0,69.1,False,0.0,Low,CELL_VEL_01,True,Proxy/Synthetic Development Observation (Calibrated to GCC Chronic Hotspot Trigger Thresholds)
EVT_2023_MICHAUNG,HS01,2023-12-05T20:00,0.0,0.0,0.0,51.1,False,0.0,Low,CELL_VEL_01,True,Proxy/Synthetic Development Observation (Calibrated to GCC Chronic Hotspot Trigger Thresholds)
EVT_2023_MICHAUNG,HS01,2023-12-05T21:00,0.0,0.0,0.0,34.5,False,0.0,Low,CELL_VEL_01,True,Proxy/Synthetic Development Observation (Calibrated to GCC Chronic Hotspot Trigger Thresholds)
EVT_2023_MICHAUNG,HS01,2023-12-05T22:00,0.0,0.0,0.0,26.5,False,0.0,Low,CELL_VEL_01,True,Proxy/Synthetic Development Observation (Calibrated to GCC Chronic Hotspot Trigger Thresholds)
EVT_2023_MICHAUNG,HS01,2023-12-05T23:00,0.0,0.0,0.0,19.4,False,0.0,Low,CELL_VEL_01,True,Proxy/Synthetic Development Observation (Calibrated to GCC Chronic Hotspot Trigger Thresholds)
EVT_2023_MICHAUNG,HS02,2023-12-03T00:00,2.5,5.6,11.3,0,False,0.0,Moderate,CELL_MAD_01,True,Proxy/Synthetic Development Observation (Calibrated to GCC Chronic Hotspot Trigger Thresholds)
EVT_2023_MICHAUNG,HS02,2023-12-03T01:00,1.0,5.0,13.4,2.5,False,0.0,Moderate,CELL_MAD_01,True,Proxy/Synthetic Development Observation (Calibrated to GCC Chronic Hotspot Trigger Thresholds)
EVT_2023_MICHAUNG,HS02,2023-12-03T02:00,2.1,6.0,15.8,3.5,False,0.0,Moderate,CELL_MAD_01,True,Proxy/Synthetic Development Observation (Calibrated to GCC Chronic Hotspot Trigger Thresholds)
EVT_2023_MICHAUNG,HS02,2023-12-03T03:00,1.9,5.7,14.6,5.6,False,0.0,Moderate,CELL_MAD_01,True,Proxy/Synthetic Development Observation (Calibrated to GCC Chronic Hotspot Trigger Thresholds)
EVT_2023_MICHAUNG,HS02,2023-12-03T04:00,2.0,8.4,13.9,7.5,False,0.0,Moderate,CELL_MAD_01,True,Proxy/Synthetic Development Observation (Calibrated to GCC Chronic Hotspot Trigger Thresholds)
EVT_2023_MICHAUNG,HS02,2023-12-03T05:00,1.8,9.8,13.3,9.5,False,0.0,Moderate,CELL_MAD_01,True,Proxy/Synthetic Development Observation (Calibrated to GCC Chronic Hotspot Trigger Thresholds)
EVT_2023_MICHAUNG,HS02,2023-12-03T06:00,4.6,8.9,13.4,11.3,False,0.0,Moderate,CELL_MAD_01,True,Proxy/Synthetic Development Observation (Calibrated to GCC Chronic Hotspot Trigger Thresholds)
EVT_2023_MICHAUNG,HS02,2023-12-03T07:00,3.4,5.5,18.5,15.9,False,0.0,Moderate,CELL_MAD_01,True,Proxy/Synthetic Development Observation (Calibrated to GCC Chronic Hotspot Trigger Thresholds)
EVT_2023_MICHAUNG,HS02,2023-12-03T08:00,0.9,3.5,20.8,19.3,False,0.0,Moderate,CELL_MAD_01,True,Proxy/Synthetic Development Observation (Calibrated to GCC Chronic Hotspot Trigger Thresholds)
EVT_2023_MICHAUNG,HS02,2023-12-03T09:00,1.2,4.5,20.7,20.2,False,0.0,Moderate,CELL_MAD_01,True,Proxy/Synthetic Development Observation (Calibrated to GCC Chronic Hotspot Trigger Thresholds)
EVT_2023_MICHAUNG,HS02,2023-12-03T10:00,1.4,13.0,20.7,21.4,False,0.0,Moderate,CELL_MAD_01,True,Proxy/Synthetic Development Observation (Calibrated to GCC Chronic Hotspot Trigger Thresholds)
EVT_2023_MICHAUNG,HS02,2023-12-03T11:00,1.9,17.3,19.6,22.8,False,0.0,Moderate,CELL_MAD_01,True,Proxy/Synthetic Development Observation (Calibrated to GCC Chronic Hotspot Trigger Thresholds)
EVT_2023_MICHAUNG,HS02,2023-12-03T12:00,9.7,16.2,19.1,24.7,False,0.0,Moderate,CELL_MAD_01,True,Proxy/Synthetic Development Observation (Calibrated to GCC Chronic Hotspot Trigger Thresholds)
EVT_2023_MICHAUNG,HS02,2023-12-03T13:00,5.7,7.7,11.6,34.4,False,0.0,Moderate,CELL_MAD_01,True,Proxy/Synthetic Development Observation (Calibrated to GCC Chronic Hotspot Trigger Thresholds)
EVT_2023_MICHAUNG,HS02,2023-12-03T14:00,0.8,2.3,7.2,40.1,False,0.0,Low,CELL_MAD_01,True,Proxy/Synthetic Development Observation (Calibrated to GCC Chronic Hotspot Trigger Thresholds)
EVT_2023_MICHAUNG,HS02,2023-12-03T15:00,1.2,2.9,7.4,40.9,False,0.0,Low,CELL_MAD_01,True,Proxy/Synthetic Development Observation (Calibrated to GCC Chronic Hotspot Trigger Thresholds)
EVT_2023_MICHAUNG,HS02,2023-12-03T16:00,0.3,3.9,7.4,42.1,False,0.0,Low,CELL_MAD_01,True,Proxy/Synthetic Development Observation (Calibrated to GCC Chronic Hotspot Trigger Thresholds)
EVT_2023_MICHAUNG,HS02,2023-12-03T17:00,1.4,4.9,9.4,42.4,False,0.0,Low,CELL_MAD_01,True,Proxy/Synthetic Development Observation (Calibrated to GCC Chronic Hotspot Trigger Thresholds)
EVT_2023_MICHAUNG,HS02,2023-12-03T18:00,2.2,4.5,10.2,43.8,False,0.0,Moderate,CELL_MAD_01,True,Proxy/Synthetic Development Observation (Calibrated to GCC Chronic Hotspot Trigger Thresholds)
EVT_2023_MICHAUNG,HS02,2023-12-03T19:00,1.3,3.5,12.3,46.0,False,0.0,Moderate,CELL_MAD_01,True,Proxy/Synthetic Development Observation (Calibrated to GCC Chronic Hotspot Trigger Thresholds)
EVT_2023_MICHAUNG,HS02,2023-12-03T20:00,1.0,4.5,13.6,47.3,False,0.0,Moderate,CELL_MAD_01,True,Proxy/Synthetic Development Observation (Calibrated to GCC Chronic Hotspot Trigger Thresholds)
EVT_2023_MICHAUNG,HS02,2023-12-03T21:00,1.2,5.7,16.0,48.3,False,0.0,Moderate,CELL_MAD_01,True,Proxy/Synthetic Development Observation (Calibrated to GCC Chronic Hotspot Trigger Thresholds)
EVT_2023_MICHAUNG,HS02,2023-12-03T22:00,2.3,8.8,17.4,49.5,False,0.0,Moderate,CELL_MAD_01,True,Proxy/Synthetic Development Observation (Calibrated to GCC Chronic Hotspot Trigger Thresholds)
EVT_2023_MICHAUNG,HS02,2023-12-03T23:00,2.2,9.1,17.3,51.8,False,0.0,Moderate,CELL_MAD_01,True,Proxy/Synthetic Development Observation (Calibrated to GCC Chronic Hotspot Trigger Thresholds)
EVT_2023_MICHAUNG,HS02,2023-12-04T00:00,4.3,10.3,20.1,54.0,False,0.0,Moderate,CELL_MAD_01,True,Proxy/Synthetic Development Observation (Calibrated to GCC Chronic Hotspot Trigger Thresholds)
EVT_2023_MICHAUNG,HS02,2023-12-04T01:00,2.6,8.6,34.0,55.8,False,0.0,Moderate,CELL_MAD_01,True,Proxy/Synthetic Development Observation (Calibrated to GCC Chronic Hotspot Trigger Thresholds)
EVT_2023_MICHAUNG,HS02,2023-12-04T02:00,3.4,8.2,57.5,57.4,True,2.3,Severe,CELL_MAD_01,True,Proxy/Synthetic Development Observation (Calibrated to GCC Chronic Hotspot Trigger Thresholds)
EVT_2023_MICHAUNG,HS02,2023-12-04T03:00,2.6,9.8,75.6,58.7,True,2.4,Severe,CELL_MAD_01,True,Proxy/Synthetic Development Observation (Calibrated to GCC Chronic Hotspot Trigger Thresholds)
EVT_2023_MICHAUNG,HS02,2023-12-04T04:00,2.2,25.4,85.9,59.4,True,2.4,Severe,CELL_MAD_01,True,Proxy/Synthetic Development Observation (Calibrated to GCC Chronic Hotspot Trigger Thresholds)
EVT_2023_MICHAUNG,HS02,2023-12-04T05:00,5.0,49.3,92.4,59.6,True,2.4,Severe,CELL_MAD_01,True,Proxy/Synthetic Development Observation (Calibrated to GCC Chronic Hotspot Trigger Thresholds)
EVT_2023_MICHAUNG,HS02,2023-12-04T06:00,18.2,65.8,94.1,62.8,True,2.4,Severe,CELL_MAD_01,True,Proxy/Synthetic Development Observation (Calibrated to GCC Chronic Hotspot Trigger Thresholds)
EVT_2023_MICHAUNG,HS02,2023-12-04T07:00,26.1,60.5,89.7,76.4,True,2.4,Severe,CELL_MAD_01,True,Proxy/Synthetic Development Observation (Calibrated to GCC Chronic Hotspot Trigger Thresholds)
EVT_2023_MICHAUNG,HS02,2023-12-04T08:00,21.5,43.1,70.5,99.1,True,2.4,Severe,CELL_MAD_01,True,Proxy/Synthetic Development Observation (Calibrated to GCC Chronic Hotspot Trigger Thresholds)
EVT_2023_MICHAUNG,HS02,2023-12-04T09:00,12.9,28.3,57.7,119.7,True,2.31,Severe,CELL_MAD_01,True,Proxy/Synthetic Development Observation (Calibrated to GCC Chronic Hotspot Trigger Thresholds)
EVT_2023_MICHAUNG,HS02,2023-12-04T10:00,8.7,29.2,61.1,131.4,True,2.4,Severe,CELL_MAD_01,True,Proxy/Synthetic Development Observation (Calibrated to GCC Chronic Hotspot Trigger Thresholds)
EVT_2023_MICHAUNG,HS02,2023-12-04T11:00,6.7,27.4,66.8,138.7,True,2.4,Severe,CELL_MAD_01,True,Proxy/Synthetic Development Observation (Calibrated to GCC Chronic Hotspot Trigger Thresholds)
EVT_2023_MICHAUNG,HS02,2023-12-04T12:00,13.8,29.4,67.6,143.5,True,2.4,Severe,CELL_MAD_01,True,Proxy/Synthetic Development Observation (Calibrated to GCC Chronic Hotspot Trigger Thresholds)
EVT_2023_MICHAUNG,HS02,2023-12-04T13:00,6.9,31.9,73.0,147.6,True,2.4,Severe,CELL_MAD_01,True,Proxy/Synthetic Development Observation (Calibrated to GCC Chronic Hotspot Trigger Thresholds)
EVT_2023_MICHAUNG,HS02,2023-12-04T14:00,8.7,39.4,84.1,148.8,True,2.4,Severe,CELL_MAD_01,True,Proxy/Synthetic Development Observation (Calibrated to GCC Chronic Hotspot Trigger Thresholds)
EVT_2023_MICHAUNG,HS02,2023-12-04T15:00,16.3,38.2,92.0,156.7,True,2.4,Severe,CELL_MAD_01,True,Proxy/Synthetic Development Observation (Calibrated to GCC Chronic Hotspot Trigger Thresholds)
EVT_2023_MICHAUNG,HS02,2023-12-04T16:00,14.4,41.1,83.7,171.8,True,2.4,Severe,CELL_MAD_01,True,Proxy/Synthetic Development Observation (Calibrated to GCC Chronic Hotspot Trigger Thresholds)
EVT_2023_MICHAUNG,HS02,2023-12-04T17:00,7.5,44.7,76.4,185.9,True,2.4,Severe,CELL_MAD_01,True,Proxy/Synthetic Development Observation (Calibrated to GCC Chronic Hotspot Trigger Thresholds)
EVT_2023_MICHAUNG,HS02,2023-12-04T18:00,19.2,53.8,74.0,192.0,True,2.4,Severe,CELL_MAD_01,True,Proxy/Synthetic Development Observation (Calibrated to GCC Chronic Hotspot Trigger Thresholds)
EVT_2023_MICHAUNG,HS02,2023-12-04T19:00,18.0,42.6,60.6,209.0,True,2.4,Severe,CELL_MAD_01,True,Proxy/Synthetic Development Observation (Calibrated to GCC Chronic Hotspot Trigger Thresholds)
EVT_2023_MICHAUNG,HS02,2023-12-04T20:00,16.6,31.7,46.5,225.7,True,1.86,Severe,CELL_MAD_01,True,Proxy/Synthetic Development Observation (Calibrated to GCC Chronic Hotspot Trigger Thresholds)
EVT_2023_MICHAUNG,HS02,2023-12-04T21:00,8.0,20.2,34.1,241.3,False,0.0,Moderate,CELL_MAD_01,True,Proxy/Synthetic Development Observation (Calibrated to GCC Chronic Hotspot Trigger Thresholds)
EVT_2023_MICHAUNG,HS02,2023-12-04T22:00,7.1,18.0,26.4,248.1,False,0.0,Moderate,CELL_MAD_01,True,Proxy/Synthetic Development Observation (Calibrated to GCC Chronic Hotspot Trigger Thresholds)
EVT_2023_MICHAUNG,HS02,2023-12-04T23:00,5.1,14.8,19.3,252.9,False,0.0,Moderate,CELL_MAD_01,True,Proxy/Synthetic Development Observation (Calibrated to GCC Chronic Hotspot Trigger Thresholds)
EVT_2023_MICHAUNG,HS02,2023-12-05T00:00,5.8,13.9,14.2,255.8,False,0.0,Moderate,CELL_MAD_01,True,Proxy/Synthetic Development Observation (Calibrated to GCC Chronic Hotspot Trigger Thresholds)
EVT_2023_MICHAUNG,HS02,2023-12-05T01:00,3.9,8.4,8.4,257.3,False,0.0,Low,CELL_MAD_01,True,Proxy/Synthetic Development Observation (Calibrated to GCC Chronic Hotspot Trigger Thresholds)
EVT_2023_MICHAUNG,HS02,2023-12-05T02:00,4.2,4.5,4.5,258.6,False,0.0,Low,CELL_MAD_01,True,Proxy/Synthetic Development Observation (Calibrated to GCC Chronic Hotspot Trigger Thresholds)
EVT_2023_MICHAUNG,HS02,2023-12-05T03:00,0.3,0.3,0.3,259.4,False,0.0,Low,CELL_MAD_01,True,Proxy/Synthetic Development Observation (Calibrated to GCC Chronic Hotspot Trigger Thresholds)
EVT_2023_MICHAUNG,HS02,2023-12-05T04:00,0.0,0.0,0.0,257.1,False,0.0,Low,CELL_MAD_01,True,Proxy/Synthetic Development Observation (Calibrated to GCC Chronic Hotspot Trigger Thresholds)
EVT_2023_MICHAUNG,HS02,2023-12-05T05:00,0.0,0.0,0.0,254.9,False,0.0,Low,CELL_MAD_01,True,Proxy/Synthetic Development Observation (Calibrated to GCC Chronic Hotspot Trigger Thresholds)
EVT_2023_MICHAUNG,HS02,2023-12-05T06:00,0.0,0.0,0.0,249.9,False,0.0,Low,CELL_MAD_01,True,Proxy/Synthetic Development Observation (Calibrated to GCC Chronic Hotspot Trigger Thresholds)
EVT_2023_MICHAUNG,HS02,2023-12-05T07:00,0.0,0.0,0.0,231.7,False,0.0,Low,CELL_MAD_01,True,Proxy/Synthetic Development Observation (Calibrated to GCC Chronic Hotspot Trigger Thresholds)
EVT_2023_MICHAUNG,HS02,2023-12-05T08:00,0.0,0.0,0.0,205.6,False,0.0,Low,CELL_MAD_01,True,Proxy/Synthetic Development Observation (Calibrated to GCC Chronic Hotspot Trigger Thresholds)
EVT_2023_MICHAUNG,HS02,2023-12-05T09:00,0.0,0.0,0.0,184.1,False,0.0,Low,CELL_MAD_01,True,Proxy/Synthetic Development Observation (Calibrated to GCC Chronic Hotspot Trigger Thresholds)
EVT_2023_MICHAUNG,HS02,2023-12-05T10:00,0.0,0.0,0.0,171.2,False,0.0,Low,CELL_MAD_01,True,Proxy/Synthetic Development Observation (Calibrated to GCC Chronic Hotspot Trigger Thresholds)
EVT_2023_MICHAUNG,HS02,2023-12-05T11:00,0.0,0.0,0.1,162.5,False,0.0,Low,CELL_MAD_01,True,Proxy/Synthetic Development Observation (Calibrated to GCC Chronic Hotspot Trigger Thresholds)
EVT_2023_MICHAUNG,HS02,2023-12-05T12:00,0.0,0.0,0.1,155.8,False,0.0,Low,CELL_MAD_01,True,Proxy/Synthetic Development Observation (Calibrated to GCC Chronic Hotspot Trigger Thresholds)
EVT_2023_MICHAUNG,HS02,2023-12-05T13:00,0.0,0.0,0.1,142.0,False,0.0,Low,CELL_MAD_01,True,Proxy/Synthetic Development Observation (Calibrated to GCC Chronic Hotspot Trigger Thresholds)
EVT_2023_MICHAUNG,HS02,2023-12-05T14:00,0.0,0.1,0.1,135.1,False,0.0,Low,CELL_MAD_01,True,Proxy/Synthetic Development Observation (Calibrated to GCC Chronic Hotspot Trigger Thresholds)
EVT_2023_MICHAUNG,HS02,2023-12-05T15:00,0.0,0.1,0.1,126.4,False,0.0,Low,CELL_MAD_01,True,Proxy/Synthetic Development Observation (Calibrated to GCC Chronic Hotspot Trigger Thresholds)
EVT_2023_MICHAUNG,HS02,2023-12-05T16:00,0.1,0.1,0.1,110.1,False,0.0,Low,CELL_MAD_01,True,Proxy/Synthetic Development Observation (Calibrated to GCC Chronic Hotspot Trigger Thresholds)
EVT_2023_MICHAUNG,HS02,2023-12-05T17:00,0.0,0.0,0.0,95.8,False,0.0,Low,CELL_MAD_01,True,Proxy/Synthetic Development Observation (Calibrated to GCC Chronic Hotspot Trigger Thresholds)
EVT_2023_MICHAUNG,HS02,2023-12-05T18:00,0.0,0.0,0.0,88.3,False,0.0,Low,CELL_MAD_01,True,Proxy/Synthetic Development Observation (Calibrated to GCC Chronic Hotspot Trigger Thresholds)
EVT_2023_MICHAUNG,HS02,2023-12-05T19:00,0.0,0.0,0.0,69.1,False,0.0,Low,CELL_MAD_01,True,Proxy/Synthetic Development Observation (Calibrated to GCC Chronic Hotspot Trigger Thresholds)
EVT_2023_MICHAUNG,HS02,2023-12-05T20:00,0.0,0.0,0.0,51.1,False,0.0,Low,CELL_MAD_01,True,Proxy/Synthetic Development Observation (Calibrated to GCC Chronic Hotspot Trigger Thresholds)
EVT_2023_MICHAUNG,HS02,2023-12-05T21:00,0.0,0.0,0.0,34.5,False,0.0,Low,CELL_MAD_01,True,Proxy/Synthetic Development Observation (Calibrated to GCC Chronic Hotspot Trigger Thresholds)
EVT_2023_MICHAUNG,HS02,2023-12-05T22:00,0.0,0.0,0.0,26.5,False,0.0,Low,CELL_MAD_01,True,Proxy/Synthetic Development Observation (Calibrated to GCC Chronic Hotspot Trigger Thresholds)
EVT_2023_MICHAUNG,HS02,2023-12-05T23:00,0.0,0.0,0.0,19.4,False,0.0,Low,CELL_MAD_01,True,Proxy/Synthetic Development Observation (Calibrated to GCC Chronic Hotspot Trigger Thresholds)
EVT_2023_MICHAUNG,HS03,2023-12-03T00:00,2.5,5.6,11.3,0,False,0.0,Low,CELL_MUD_01,True,Proxy/Synthetic Development Observation (Calibrated to GCC Chronic Hotspot Trigger Thresholds)
EVT_2023_MICHAUNG,HS03,2023-12-03T01:00,1.0,5.0,13.4,2.5,False,0.0,Low,CELL_MUD_01,True,Proxy/Synthetic Development Observation (Calibrated to GCC Chronic Hotspot Trigger Thresholds)
EVT_2023_MICHAUNG,HS03,2023-12-03T02:00,2.1,6.0,15.8,3.5,False,0.0,Moderate,CELL_MUD_01,True,Proxy/Synthetic Development Observation (Calibrated to GCC Chronic Hotspot Trigger Thresholds)
EVT_2023_MICHAUNG,HS03,2023-12-03T03:00,1.9,5.7,14.6,5.6,False,0.0,Low,CELL_MUD_01,True,Proxy/Synthetic Development Observation (Calibrated to GCC Chronic Hotspot Trigger Thresholds)
EVT_2023_MICHAUNG,HS03,2023-12-03T04:00,2.0,8.4,13.9,7.5,False,0.0,Low,CELL_MUD_01,True,Proxy/Synthetic Development Observation (Calibrated to GCC Chronic Hotspot Trigger Thresholds)
EVT_2023_MICHAUNG,HS03,2023-12-03T05:00,1.8,9.8,13.3,9.5,False,0.0,Low,CELL_MUD_01,True,Proxy/Synthetic Development Observation (Calibrated to GCC Chronic Hotspot Trigger Thresholds)
EVT_2023_MICHAUNG,HS03,2023-12-03T06:00,4.6,8.9,13.4,11.3,False,0.0,Low,CELL_MUD_01,True,Proxy/Synthetic Development Observation (Calibrated to GCC Chronic Hotspot Trigger Thresholds)
EVT_2023_MICHAUNG,HS03,2023-12-03T07:00,3.4,5.5,18.5,15.9,False,0.0,Moderate,CELL_MUD_01,True,Proxy/Synthetic Development Observation (Calibrated to GCC Chronic Hotspot Trigger Thresholds)
EVT_2023_MICHAUNG,HS03,2023-12-03T08:00,0.9,3.5,20.8,19.3,False,0.0,Moderate,CELL_MUD_01,True,Proxy/Synthetic Development Observation (Calibrated to GCC Chronic Hotspot Trigger Thresholds)
EVT_2023_MICHAUNG,HS03,2023-12-03T09:00,1.2,4.5,20.7,20.2,False,0.0,Moderate,CELL_MUD_01,True,Proxy/Synthetic Development Observation (Calibrated to GCC Chronic Hotspot Trigger Thresholds)
EVT_2023_MICHAUNG,HS03,2023-12-03T10:00,1.4,13.0,20.7,21.4,False,0.0,Moderate,CELL_MUD_01,True,Proxy/Synthetic Development Observation (Calibrated to GCC Chronic Hotspot Trigger Thresholds)
EVT_2023_MICHAUNG,HS03,2023-12-03T11:00,1.9,17.3,19.6,22.8,False,0.0,Moderate,CELL_MUD_01,True,Proxy/Synthetic Development Observation (Calibrated to GCC Chronic Hotspot Trigger Thresholds)
EVT_2023_MICHAUNG,HS03,2023-12-03T12:00,9.7,16.2,19.1,24.7,False,0.0,Moderate,CELL_MUD_01,True,Proxy/Synthetic Development Observation (Calibrated to GCC Chronic Hotspot Trigger Thresholds)
EVT_2023_MICHAUNG,HS03,2023-12-03T13:00,5.7,7.7,11.6,34.4,False,0.0,Low,CELL_MUD_01,True,Proxy/Synthetic Development Observation (Calibrated to GCC Chronic Hotspot Trigger Thresholds)
EVT_2023_MICHAUNG,HS03,2023-12-03T14:00,0.8,2.3,7.2,40.1,False,0.0,Low,CELL_MUD_01,True,Proxy/Synthetic Development Observation (Calibrated to GCC Chronic Hotspot Trigger Thresholds)
EVT_2023_MICHAUNG,HS03,2023-12-03T15:00,1.2,2.9,7.4,40.9,False,0.0,Low,CELL_MUD_01,True,Proxy/Synthetic Development Observation (Calibrated to GCC Chronic Hotspot Trigger Thresholds)
EVT_2023_MICHAUNG,HS03,2023-12-03T16:00,0.3,3.9,7.4,42.1,False,0.0,Low,CELL_MUD_01,True,Proxy/Synthetic Development Observation (Calibrated to GCC Chronic Hotspot Trigger Thresholds)
EVT_2023_MICHAUNG,HS03,2023-12-03T17:00,1.4,4.9,9.4,42.4,False,0.0,Low,CELL_MUD_01,True,Proxy/Synthetic Development Observation (Calibrated to GCC Chronic Hotspot Trigger Thresholds)
EVT_2023_MICHAUNG,HS03,2023-12-03T18:00,2.2,4.5,10.2,43.8,False,0.0,Low,CELL_MUD_01,True,Proxy/Synthetic Development Observation (Calibrated to GCC Chronic Hotspot Trigger Thresholds)
EVT_2023_MICHAUNG,HS03,2023-12-03T19:00,1.3,3.5,12.3,46.0,False,0.0,Low,CELL_MUD_01,True,Proxy/Synthetic Development Observation (Calibrated to GCC Chronic Hotspot Trigger Thresholds)
EVT_2023_MICHAUNG,HS03,2023-12-03T20:00,1.0,4.5,13.6,47.3,False,0.0,Low,CELL_MUD_01,True,Proxy/Synthetic Development Observation (Calibrated to GCC Chronic Hotspot Trigger Thresholds)
EVT_2023_MICHAUNG,HS03,2023-12-03T21:00,1.2,5.7,16.0,48.3,False,0.0,Moderate,CELL_MUD_01,True,Proxy/Synthetic Development Observation (Calibrated to GCC Chronic Hotspot Trigger Thresholds)
EVT_2023_MICHAUNG,HS03,2023-12-03T22:00,2.3,8.8,17.4,49.5,False,0.0,Moderate,CELL_MUD_01,True,Proxy/Synthetic Development Observation (Calibrated to GCC Chronic Hotspot Trigger Thresholds)
EVT_2023_MICHAUNG,HS03,2023-12-03T23:00,2.2,9.1,17.3,51.8,False,0.0,Moderate,CELL_MUD_01,True,Proxy/Synthetic Development Observation (Calibrated to GCC Chronic Hotspot Trigger Thresholds)
EVT_2023_MICHAUNG,HS03,2023-12-04T00:00,4.3,10.3,20.1,54.0,False,0.0,Moderate,CELL_MUD_01,True,Proxy/Synthetic Development Observation (Calibrated to GCC Chronic Hotspot Trigger Thresholds)
EVT_2023_MICHAUNG,HS03,2023-12-04T01:00,2.6,8.6,34.0,55.8,False,0.0,Moderate,CELL_MUD_01,True,Proxy/Synthetic Development Observation (Calibrated to GCC Chronic Hotspot Trigger Thresholds)
EVT_2023_MICHAUNG,HS03,2023-12-04T02:00,3.4,8.2,57.5,57.4,False,0.0,Moderate,CELL_MUD_01,True,Proxy/Synthetic Development Observation (Calibrated to GCC Chronic Hotspot Trigger Thresholds)
EVT_2023_MICHAUNG,HS03,2023-12-04T03:00,2.6,9.8,75.6,58.7,True,2.7,Severe,CELL_MUD_01,True,Proxy/Synthetic Development Observation (Calibrated to GCC Chronic Hotspot Trigger Thresholds)
EVT_2023_MICHAUNG,HS03,2023-12-04T04:00,2.2,25.4,85.9,59.4,True,3.0,Severe,CELL_MUD_01,True,Proxy/Synthetic Development Observation (Calibrated to GCC Chronic Hotspot Trigger Thresholds)
EVT_2023_MICHAUNG,HS03,2023-12-04T05:00,5.0,49.3,92.4,59.6,True,3.0,Severe,CELL_MUD_01,True,Proxy/Synthetic Development Observation (Calibrated to GCC Chronic Hotspot Trigger Thresholds)
EVT_2023_MICHAUNG,HS03,2023-12-04T06:00,18.2,65.8,94.1,62.8,True,3.0,Severe,CELL_MUD_01,True,Proxy/Synthetic Development Observation (Calibrated to GCC Chronic Hotspot Trigger Thresholds)
EVT_2023_MICHAUNG,HS03,2023-12-04T07:00,26.1,60.5,89.7,76.4,True,3.0,Severe,CELL_MUD_01,True,Proxy/Synthetic Development Observation (Calibrated to GCC Chronic Hotspot Trigger Thresholds)
EVT_2023_MICHAUNG,HS03,2023-12-04T08:00,21.5,43.1,70.5,99.1,True,2.52,Severe,CELL_MUD_01,True,Proxy/Synthetic Development Observation (Calibrated to GCC Chronic Hotspot Trigger Thresholds)
EVT_2023_MICHAUNG,HS03,2023-12-04T09:00,12.9,28.3,57.7,119.7,False,0.0,Moderate,CELL_MUD_01,True,Proxy/Synthetic Development Observation (Calibrated to GCC Chronic Hotspot Trigger Thresholds)
EVT_2023_MICHAUNG,HS03,2023-12-04T10:00,8.7,29.2,61.1,131.4,False,0.0,Moderate,CELL_MUD_01,True,Proxy/Synthetic Development Observation (Calibrated to GCC Chronic Hotspot Trigger Thresholds)
EVT_2023_MICHAUNG,HS03,2023-12-04T11:00,6.7,27.4,66.8,138.7,False,0.0,Moderate,CELL_MUD_01,True,Proxy/Synthetic Development Observation (Calibrated to GCC Chronic Hotspot Trigger Thresholds)
EVT_2023_MICHAUNG,HS03,2023-12-04T12:00,13.8,29.4,67.6,143.5,False,0.0,Moderate,CELL_MUD_01,True,Proxy/Synthetic Development Observation (Calibrated to GCC Chronic Hotspot Trigger Thresholds)
EVT_2023_MICHAUNG,HS03,2023-12-04T13:00,6.9,31.9,73.0,147.6,True,2.61,Severe,CELL_MUD_01,True,Proxy/Synthetic Development Observation (Calibrated to GCC Chronic Hotspot Trigger Thresholds)
EVT_2023_MICHAUNG,HS03,2023-12-04T14:00,8.7,39.4,84.1,148.8,True,3.0,Severe,CELL_MUD_01,True,Proxy/Synthetic Development Observation (Calibrated to GCC Chronic Hotspot Trigger Thresholds)
EVT_2023_MICHAUNG,HS03,2023-12-04T15:00,16.3,38.2,92.0,156.7,True,3.0,Severe,CELL_MUD_01,True,Proxy/Synthetic Development Observation (Calibrated to GCC Chronic Hotspot Trigger Thresholds)
EVT_2023_MICHAUNG,HS03,2023-12-04T16:00,14.4,41.1,83.7,171.8,True,2.99,Severe,CELL_MUD_01,True,Proxy/Synthetic Development Observation (Calibrated to GCC Chronic Hotspot Trigger Thresholds)
EVT_2023_MICHAUNG,HS03,2023-12-04T17:00,7.5,44.7,76.4,185.9,True,2.73,Severe,CELL_MUD_01,True,Proxy/Synthetic Development Observation (Calibrated to GCC Chronic Hotspot Trigger Thresholds)
EVT_2023_MICHAUNG,HS03,2023-12-04T18:00,19.2,53.8,74.0,192.0,True,2.64,Severe,CELL_MUD_01,True,Proxy/Synthetic Development Observation (Calibrated to GCC Chronic Hotspot Trigger Thresholds)
EVT_2023_MICHAUNG,HS03,2023-12-04T19:00,18.0,42.6,60.6,209.0,False,0.0,Moderate,CELL_MUD_01,True,Proxy/Synthetic Development Observation (Calibrated to GCC Chronic Hotspot Trigger Thresholds)
EVT_2023_MICHAUNG,HS03,2023-12-04T20:00,16.6,31.7,46.5,225.7,False,0.0,Moderate,CELL_MUD_01,True,Proxy/Synthetic Development Observation (Calibrated to GCC Chronic Hotspot Trigger Thresholds)
EVT_2023_MICHAUNG,HS03,2023-12-04T21:00,8.0,20.2,34.1,241.3,False,0.0,Moderate,CELL_MUD_01,True,Proxy/Synthetic Development Observation (Calibrated to GCC Chronic Hotspot Trigger Thresholds)
EVT_2023_MICHAUNG,HS03,2023-12-04T22:00,7.1,18.0,26.4,248.1,False,0.0,Moderate,CELL_MUD_01,True,Proxy/Synthetic Development Observation (Calibrated to GCC Chronic Hotspot Trigger Thresholds)
EVT_2023_MICHAUNG,HS03,2023-12-04T23:00,5.1,14.8,19.3,252.9,False,0.0,Moderate,CELL_MUD_01,True,Proxy/Synthetic Development Observation (Calibrated to GCC Chronic Hotspot Trigger Thresholds)
EVT_2023_MICHAUNG,HS03,2023-12-05T00:00,5.8,13.9,14.2,255.8,False,0.0,Low,CELL_MUD_01,True,Proxy/Synthetic Development Observation (Calibrated to GCC Chronic Hotspot Trigger Thresholds)
EVT_2023_MICHAUNG,HS03,2023-12-05T01:00,3.9,8.4,8.4,257.3,False,0.0,Low,CELL_MUD_01,True,Proxy/Synthetic Development Observation (Calibrated to GCC Chronic Hotspot Trigger Thresholds)
EVT_2023_MICHAUNG,HS03,2023-12-05T02:00,4.2,4.5,4.5,258.6,False,0.0,Low,CELL_MUD_01,True,Proxy/Synthetic Development Observation (Calibrated to GCC Chronic Hotspot Trigger Thresholds)
EVT_2023_MICHAUNG,HS03,2023-12-05T03:00,0.3,0.3,0.3,259.4,False,0.0,Low,CELL_MUD_01,True,Proxy/Synthetic Development Observation (Calibrated to GCC Chronic Hotspot Trigger Thresholds)
EVT_2023_MICHAUNG,HS03,2023-12-05T04:00,0.0,0.0,0.0,257.1,False,0.0,Low,CELL_MUD_01,True,Proxy/Synthetic Development Observation (Calibrated to GCC Chronic Hotspot Trigger Thresholds)
EVT_2023_MICHAUNG,HS03,2023-12-05T05:00,0.0,0.0,0.0,254.9,False,0.0,Low,CELL_MUD_01,True,Proxy/Synthetic Development Observation (Calibrated to GCC Chronic Hotspot Trigger Thresholds)
EVT_2023_MICHAUNG,HS03,2023-12-05T06:00,0.0,0.0,0.0,249.9,False,0.0,Low,CELL_MUD_01,True,Proxy/Synthetic Development Observation (Calibrated to GCC Chronic Hotspot Trigger Thresholds)
EVT_2023_MICHAUNG,HS03,2023-12-05T07:00,0.0,0.0,0.0,231.7,False,0.0,Low,CELL_MUD_01,True,Proxy/Synthetic Development Observation (Calibrated to GCC Chronic Hotspot Trigger Thresholds)
EVT_2023_MICHAUNG,HS03,2023-12-05T08:00,0.0,0.0,0.0,205.6,False,0.0,Low,CELL_MUD_01,True,Proxy/Synthetic Development Observation (Calibrated to GCC Chronic Hotspot Trigger Thresholds)
EVT_2023_MICHAUNG,HS03,2023-12-05T09:00,0.0,0.0,0.0,184.1,False,0.0,Low,CELL_MUD_01,True,Proxy/Synthetic Development Observation (Calibrated to GCC Chronic Hotspot Trigger Thresholds)
EVT_2023_MICHAUNG,HS03,2023-12-05T10:00,0.0,0.0,0.0,171.2,False,0.0,Low,CELL_MUD_01,True,Proxy/Synthetic Development Observation (Calibrated to GCC Chronic Hotspot Trigger Thresholds)
EVT_2023_MICHAUNG,HS03,2023-12-05T11:00,0.0,0.0,0.1,162.5,False,0.0,Low,CELL_MUD_01,True,Proxy/Synthetic Development Observation (Calibrated to GCC Chronic Hotspot Trigger Thresholds)
EVT_2023_MICHAUNG,HS03,2023-12-05T12:00,0.0,0.0,0.1,155.8,False,0.0,Low,CELL_MUD_01,True,Proxy/Synthetic Development Observation (Calibrated to GCC Chronic Hotspot Trigger Thresholds)
EVT_2023_MICHAUNG,HS03,2023-12-05T13:00,0.0,0.0,0.1,142.0,False,0.0,Low,CELL_MUD_01,True,Proxy/Synthetic Development Observation (Calibrated to GCC Chronic Hotspot Trigger Thresholds)
EVT_2023_MICHAUNG,HS03,2023-12-05T14:00,0.0,0.1,0.1,135.1,False,0.0,Low,CELL_MUD_01,True,Proxy/Synthetic Development Observation (Calibrated to GCC Chronic Hotspot Trigger Thresholds)
EVT_2023_MICHAUNG,HS03,2023-12-05T15:00,0.0,0.1,0.1,126.4,False,0.0,Low,CELL_MUD_01,True,Proxy/Synthetic Development Observation (Calibrated to GCC Chronic Hotspot Trigger Thresholds)
EVT_2023_MICHAUNG,HS03,2023-12-05T16:00,0.1,0.1,0.1,110.1,False,0.0,Low,CELL_MUD_01,True,Proxy/Synthetic Development Observation (Calibrated to GCC Chronic Hotspot Trigger Thresholds)
EVT_2023_MICHAUNG,HS03,2023-12-05T17:00,0.0,0.0,0.0,95.8,False,0.0,Low,CELL_MUD_01,True,Proxy/Synthetic Development Observation (Calibrated to GCC Chronic Hotspot Trigger Thresholds)
EVT_2023_MICHAUNG,HS03,2023-12-05T18:00,0.0,0.0,0.0,88.3,False,0.0,Low,CELL_MUD_01,True,Proxy/Synthetic Development Observation (Calibrated to GCC Chronic Hotspot Trigger Thresholds)
EVT_2023_MICHAUNG,HS03,2023-12-05T19:00,0.0,0.0,0.0,69.1,False,0.0,Low,CELL_MUD_01,True,Proxy/Synthetic Development Observation (Calibrated to GCC Chronic Hotspot Trigger Thresholds)
EVT_2023_MICHAUNG,HS03,2023-12-05T20:00,0.0,0.0,0.0,51.1,False,0.0,Low,CELL_MUD_01,True,Proxy/Synthetic Development Observation (Calibrated to GCC Chronic Hotspot Trigger Thresholds)
EVT_2023_MICHAUNG,HS03,2023-12-05T21:00,0.0,0.0,0.0,34.5,False,0.0,Low,CELL_MUD_01,True,Proxy/Synthetic Development Observation (Calibrated to GCC Chronic Hotspot Trigger Thresholds)
EVT_2023_MICHAUNG,HS03,2023-12-05T22:00,0.0,0.0,0.0,26.5,False,0.0,Low,CELL_MUD_01,True,Proxy/Synthetic Development Observation (Calibrated to GCC Chronic Hotspot Trigger Thresholds)
EVT_2023_MICHAUNG,HS03,2023-12-05T23:00,0.0,0.0,0.0,19.4,False,0.0,Low,CELL_MUD_01,True,Proxy/Synthetic Development Observation (Calibrated to GCC Chronic Hotspot Trigger Thresholds)
EVT_2023_MICHAUNG,HS04,2023-12-03T00:00,2.5,5.6,11.3,0,False,0.0,Moderate,CELL_TNG_01,True,Proxy/Synthetic Development Observation (Calibrated to GCC Chronic Hotspot Trigger Thresholds)
EVT_2023_MICHAUNG,HS04,2023-12-03T01:00,1.0,5.0,13.4,2.5,False,0.0,Moderate,CELL_TNG_01,True,Proxy/Synthetic Development Observation (Calibrated to GCC Chronic Hotspot Trigger Thresholds)
EVT_2023_MICHAUNG,HS04,2023-12-03T02:00,2.1,6.0,15.8,3.5,False,0.0,Moderate,CELL_TNG_01,True,Proxy/Synthetic Development Observation (Calibrated to GCC Chronic Hotspot Trigger Thresholds)
EVT_2023_MICHAUNG,HS04,2023-12-03T03:00,1.9,5.7,14.6,5.6,False,0.0,Moderate,CELL_TNG_01,True,Proxy/Synthetic Development Observation (Calibrated to GCC Chronic Hotspot Trigger Thresholds)
EVT_2023_MICHAUNG,HS04,2023-12-03T04:00,2.0,8.4,13.9,7.5,False,0.0,Moderate,CELL_TNG_01,True,Proxy/Synthetic Development Observation (Calibrated to GCC Chronic Hotspot Trigger Thresholds)
EVT_2023_MICHAUNG,HS04,2023-12-03T05:00,1.8,9.8,13.3,9.5,False,0.0,Moderate,CELL_TNG_01,True,Proxy/Synthetic Development Observation (Calibrated to GCC Chronic Hotspot Trigger Thresholds)
EVT_2023_MICHAUNG,HS04,2023-12-03T06:00,4.6,8.9,13.4,11.3,False,0.0,Moderate,CELL_TNG_01,True,Proxy/Synthetic Development Observation (Calibrated to GCC Chronic Hotspot Trigger Thresholds)
EVT_2023_MICHAUNG,HS04,2023-12-03T07:00,3.4,5.5,18.5,15.9,False,0.0,Moderate,CELL_TNG_01,True,Proxy/Synthetic Development Observation (Calibrated to GCC Chronic Hotspot Trigger Thresholds)
EVT_2023_MICHAUNG,HS04,2023-12-03T08:00,0.9,3.5,20.8,19.3,False,0.0,Moderate,CELL_TNG_01,True,Proxy/Synthetic Development Observation (Calibrated to GCC Chronic Hotspot Trigger Thresholds)
EVT_2023_MICHAUNG,HS04,2023-12-03T09:00,1.2,4.5,20.7,20.2,False,0.0,Moderate,CELL_TNG_01,True,Proxy/Synthetic Development Observation (Calibrated to GCC Chronic Hotspot Trigger Thresholds)
EVT_2023_MICHAUNG,HS04,2023-12-03T10:00,1.4,13.0,20.7,21.4,False,0.0,Moderate,CELL_TNG_01,True,Proxy/Synthetic Development Observation (Calibrated to GCC Chronic Hotspot Trigger Thresholds)
EVT_2023_MICHAUNG,HS04,2023-12-03T11:00,1.9,17.3,19.6,22.8,False,0.0,Moderate,CELL_TNG_01,True,Proxy/Synthetic Development Observation (Calibrated to GCC Chronic Hotspot Trigger Thresholds)
EVT_2023_MICHAUNG,HS04,2023-12-03T12:00,9.7,16.2,19.1,24.7,False,0.0,Moderate,CELL_TNG_01,True,Proxy/Synthetic Development Observation (Calibrated to GCC Chronic Hotspot Trigger Thresholds)
EVT_2023_MICHAUNG,HS04,2023-12-03T13:00,5.7,7.7,11.6,34.4,False,0.0,Moderate,CELL_TNG_01,True,Proxy/Synthetic Development Observation (Calibrated to GCC Chronic Hotspot Trigger Thresholds)
EVT_2023_MICHAUNG,HS04,2023-12-03T14:00,0.8,2.3,7.2,40.1,False,0.0,Low,CELL_TNG_01,True,Proxy/Synthetic Development Observation (Calibrated to GCC Chronic Hotspot Trigger Thresholds)
EVT_2023_MICHAUNG,HS04,2023-12-03T15:00,1.2,2.9,7.4,40.9,False,0.0,Low,CELL_TNG_01,True,Proxy/Synthetic Development Observation (Calibrated to GCC Chronic Hotspot Trigger Thresholds)
EVT_2023_MICHAUNG,HS04,2023-12-03T16:00,0.3,3.9,7.4,42.1,False,0.0,Low,CELL_TNG_01,True,Proxy/Synthetic Development Observation (Calibrated to GCC Chronic Hotspot Trigger Thresholds)
EVT_2023_MICHAUNG,HS04,2023-12-03T17:00,1.4,4.9,9.4,42.4,False,0.0,Low,CELL_TNG_01,True,Proxy/Synthetic Development Observation (Calibrated to GCC Chronic Hotspot Trigger Thresholds)
EVT_2023_MICHAUNG,HS04,2023-12-03T18:00,2.2,4.5,10.2,43.8,False,0.0,Low,CELL_TNG_01,True,Proxy/Synthetic Development Observation (Calibrated to GCC Chronic Hotspot Trigger Thresholds)
EVT_2023_MICHAUNG,HS04,2023-12-03T19:00,1.3,3.5,12.3,46.0,False,0.0,Moderate,CELL_TNG_01,True,Proxy/Synthetic Development Observation (Calibrated to GCC Chronic Hotspot Trigger Thresholds)
EVT_2023_MICHAUNG,HS04,2023-12-03T20:00,1.0,4.5,13.6,47.3,False,0.0,Moderate,CELL_TNG_01,True,Proxy/Synthetic Development Observation (Calibrated to GCC Chronic Hotspot Trigger Thresholds)
EVT_2023_MICHAUNG,HS04,2023-12-03T21:00,1.2,5.7,16.0,48.3,False,0.0,Moderate,CELL_TNG_01,True,Proxy/Synthetic Development Observation (Calibrated to GCC Chronic Hotspot Trigger Thresholds)
EVT_2023_MICHAUNG,HS04,2023-12-03T22:00,2.3,8.8,17.4,49.5,False,0.0,Moderate,CELL_TNG_01,True,Proxy/Synthetic Development Observation (Calibrated to GCC Chronic Hotspot Trigger Thresholds)
EVT_2023_MICHAUNG,HS04,2023-12-03T23:00,2.2,9.1,17.3,51.8,False,0.0,Moderate,CELL_TNG_01,True,Proxy/Synthetic Development Observation (Calibrated to GCC Chronic Hotspot Trigger Thresholds)
EVT_2023_MICHAUNG,HS04,2023-12-04T00:00,4.3,10.3,20.1,54.0,False,0.0,Moderate,CELL_TNG_01,True,Proxy/Synthetic Development Observation (Calibrated to GCC Chronic Hotspot Trigger Thresholds)
EVT_2023_MICHAUNG,HS04,2023-12-04T01:00,2.6,8.6,34.0,55.8,False,0.0,Moderate,CELL_TNG_01,True,Proxy/Synthetic Development Observation (Calibrated to GCC Chronic Hotspot Trigger Thresholds)
EVT_2023_MICHAUNG,HS04,2023-12-04T02:00,3.4,8.2,57.5,57.4,True,1.25,Severe,CELL_TNG_01,True,Proxy/Synthetic Development Observation (Calibrated to GCC Chronic Hotspot Trigger Thresholds)
EVT_2023_MICHAUNG,HS04,2023-12-04T03:00,2.6,9.8,75.6,58.7,True,1.44,Severe,CELL_TNG_01,True,Proxy/Synthetic Development Observation (Calibrated to GCC Chronic Hotspot Trigger Thresholds)
EVT_2023_MICHAUNG,HS04,2023-12-04T04:00,2.2,25.4,85.9,59.4,True,1.44,Severe,CELL_TNG_01,True,Proxy/Synthetic Development Observation (Calibrated to GCC Chronic Hotspot Trigger Thresholds)
EVT_2023_MICHAUNG,HS04,2023-12-04T05:00,5.0,49.3,92.4,59.6,True,1.44,Severe,CELL_TNG_01,True,Proxy/Synthetic Development Observation (Calibrated to GCC Chronic Hotspot Trigger Thresholds)
EVT_2023_MICHAUNG,HS04,2023-12-04T06:00,18.2,65.8,94.1,62.8,True,1.44,Severe,CELL_TNG_01,True,Proxy/Synthetic Development Observation (Calibrated to GCC Chronic Hotspot Trigger Thresholds)
EVT_2023_MICHAUNG,HS04,2023-12-04T07:00,26.1,60.5,89.7,76.4,True,1.44,Severe,CELL_TNG_01,True,Proxy/Synthetic Development Observation (Calibrated to GCC Chronic Hotspot Trigger Thresholds)
EVT_2023_MICHAUNG,HS04,2023-12-04T08:00,21.5,43.1,70.5,99.1,True,1.44,Severe,CELL_TNG_01,True,Proxy/Synthetic Development Observation (Calibrated to GCC Chronic Hotspot Trigger Thresholds)
EVT_2023_MICHAUNG,HS04,2023-12-04T09:00,12.9,28.3,57.7,119.7,True,1.26,Severe,CELL_TNG_01,True,Proxy/Synthetic Development Observation (Calibrated to GCC Chronic Hotspot Trigger Thresholds)
EVT_2023_MICHAUNG,HS04,2023-12-04T10:00,8.7,29.2,61.1,131.4,True,1.33,Severe,CELL_TNG_01,True,Proxy/Synthetic Development Observation (Calibrated to GCC Chronic Hotspot Trigger Thresholds)
EVT_2023_MICHAUNG,HS04,2023-12-04T11:00,6.7,27.4,66.8,138.7,True,1.44,Severe,CELL_TNG_01,True,Proxy/Synthetic Development Observation (Calibrated to GCC Chronic Hotspot Trigger Thresholds)
EVT_2023_MICHAUNG,HS04,2023-12-04T12:00,13.8,29.4,67.6,143.5,True,1.44,Severe,CELL_TNG_01,True,Proxy/Synthetic Development Observation (Calibrated to GCC Chronic Hotspot Trigger Thresholds)
EVT_2023_MICHAUNG,HS04,2023-12-04T13:00,6.9,31.9,73.0,147.6,True,1.44,Severe,CELL_TNG_01,True,Proxy/Synthetic Development Observation (Calibrated to GCC Chronic Hotspot Trigger Thresholds)
EVT_2023_MICHAUNG,HS04,2023-12-04T14:00,8.7,39.4,84.1,148.8,True,1.44,Severe,CELL_TNG_01,True,Proxy/Synthetic Development Observation (Calibrated to GCC Chronic Hotspot Trigger Thresholds)
EVT_2023_MICHAUNG,HS04,2023-12-04T15:00,16.3,38.2,92.0,156.7,True,1.44,Severe,CELL_TNG_01,True,Proxy/Synthetic Development Observation (Calibrated to GCC Chronic Hotspot Trigger Thresholds)
EVT_2023_MICHAUNG,HS04,2023-12-04T16:00,14.4,41.1,83.7,171.8,True,1.44,Severe,CELL_TNG_01,True,Proxy/Synthetic Development Observation (Calibrated to GCC Chronic Hotspot Trigger Thresholds)
EVT_2023_MICHAUNG,HS04,2023-12-04T17:00,7.5,44.7,76.4,185.9,True,1.44,Severe,CELL_TNG_01,True,Proxy/Synthetic Development Observation (Calibrated to GCC Chronic Hotspot Trigger Thresholds)
EVT_2023_MICHAUNG,HS04,2023-12-04T18:00,19.2,53.8,74.0,192.0,True,1.44,Severe,CELL_TNG_01,True,Proxy/Synthetic Development Observation (Calibrated to GCC Chronic Hotspot Trigger Thresholds)
EVT_2023_MICHAUNG,HS04,2023-12-04T19:00,18.0,42.6,60.6,209.0,True,1.32,Severe,CELL_TNG_01,True,Proxy/Synthetic Development Observation (Calibrated to GCC Chronic Hotspot Trigger Thresholds)
EVT_2023_MICHAUNG,HS04,2023-12-04T20:00,16.6,31.7,46.5,225.7,False,0.0,Moderate,CELL_TNG_01,True,Proxy/Synthetic Development Observation (Calibrated to GCC Chronic Hotspot Trigger Thresholds)
EVT_2023_MICHAUNG,HS04,2023-12-04T21:00,8.0,20.2,34.1,241.3,False,0.0,Moderate,CELL_TNG_01,True,Proxy/Synthetic Development Observation (Calibrated to GCC Chronic Hotspot Trigger Thresholds)
EVT_2023_MICHAUNG,HS04,2023-12-04T22:00,7.1,18.0,26.4,248.1,False,0.0,Moderate,CELL_TNG_01,True,Proxy/Synthetic Development Observation (Calibrated to GCC Chronic Hotspot Trigger Thresholds)
EVT_2023_MICHAUNG,HS04,2023-12-04T23:00,5.1,14.8,19.3,252.9,False,0.0,Moderate,CELL_TNG_01,True,Proxy/Synthetic Development Observation (Calibrated to GCC Chronic Hotspot Trigger Thresholds)
EVT_2023_MICHAUNG,HS04,2023-12-05T00:00,5.8,13.9,14.2,255.8,False,0.0,Moderate,CELL_TNG_01,True,Proxy/Synthetic Development Observation (Calibrated to GCC Chronic Hotspot Trigger Thresholds)
EVT_2023_MICHAUNG,HS04,2023-12-05T01:00,3.9,8.4,8.4,257.3,False,0.0,Low,CELL_TNG_01,True,Proxy/Synthetic Development Observation (Calibrated to GCC Chronic Hotspot Trigger Thresholds)
EVT_2023_MICHAUNG,HS04,2023-12-05T02:00,4.2,4.5,4.5,258.6,False,0.0,Low,CELL_TNG_01,True,Proxy/Synthetic Development Observation (Calibrated to GCC Chronic Hotspot Trigger Thresholds)
EVT_2023_MICHAUNG,HS04,2023-12-05T03:00,0.3,0.3,0.3,259.4,False,0.0,Low,CELL_TNG_01,True,Proxy/Synthetic Development Observation (Calibrated to GCC Chronic Hotspot Trigger Thresholds)
EVT_2023_MICHAUNG,HS04,2023-12-05T04:00,0.0,0.0,0.0,257.1,False,0.0,Low,CELL_TNG_01,True,Proxy/Synthetic Development Observation (Calibrated to GCC Chronic Hotspot Trigger Thresholds)
EVT_2023_MICHAUNG,HS04,2023-12-05T05:00,0.0,0.0,0.0,254.9,False,0.0,Low,CELL_TNG_01,True,Proxy/Synthetic Development Observation (Calibrated to GCC Chronic Hotspot Trigger Thresholds)
EVT_2023_MICHAUNG,HS04,2023-12-05T06:00,0.0,0.0,0.0,249.9,False,0.0,Low,CELL_TNG_01,True,Proxy/Synthetic Development Observation (Calibrated to GCC Chronic Hotspot Trigger Thresholds)
EVT_2023_MICHAUNG,HS04,2023-12-05T07:00,0.0,0.0,0.0,231.7,False,0.0,Low,CELL_TNG_01,True,Proxy/Synthetic Development Observation (Calibrated to GCC Chronic Hotspot Trigger Thresholds)
EVT_2023_MICHAUNG,HS04,2023-12-05T08:00,0.0,0.0,0.0,205.6,False,0.0,Low,CELL_TNG_01,True,Proxy/Synthetic Development Observation (Calibrated to GCC Chronic Hotspot Trigger Thresholds)
EVT_2023_MICHAUNG,HS04,2023-12-05T09:00,0.0,0.0,0.0,184.1,False,0.0,Low,CELL_TNG_01,True,Proxy/Synthetic Development Observation (Calibrated to GCC Chronic Hotspot Trigger Thresholds)
EVT_2023_MICHAUNG,HS04,2023-12-05T10:00,0.0,0.0,0.0,171.2,False,0.0,Low,CELL_TNG_01,True,Proxy/Synthetic Development Observation (Calibrated to GCC Chronic Hotspot Trigger Thresholds)
EVT_2023_MICHAUNG,HS04,2023-12-05T11:00,0.0,0.0,0.1,162.5,False,0.0,Low,CELL_TNG_01,True,Proxy/Synthetic Development Observation (Calibrated to GCC Chronic Hotspot Trigger Thresholds)
EVT_2023_MICHAUNG,HS04,2023-12-05T12:00,0.0,0.0,0.1,155.8,False,0.0,Low,CELL_TNG_01,True,Proxy/Synthetic Development Observation (Calibrated to GCC Chronic Hotspot Trigger Thresholds)
EVT_2023_MICHAUNG,HS04,2023-12-05T13:00,0.0,0.0,0.1,142.0,False,0.0,Low,CELL_TNG_01,True,Proxy/Synthetic Development Observation (Calibrated to GCC Chronic Hotspot Trigger Thresholds)
EVT_2023_MICHAUNG,HS04,2023-12-05T14:00,0.0,0.1,0.1,135.1,False,0.0,Low,CELL_TNG_01,True,Proxy/Synthetic Development Observation (Calibrated to GCC Chronic Hotspot Trigger Thresholds)
EVT_2023_MICHAUNG,HS04,2023-12-05T15:00,0.0,0.1,0.1,126.4,False,0.0,Low,CELL_TNG_01,True,Proxy/Synthetic Development Observation (Calibrated to GCC Chronic Hotspot Trigger Thresholds)
EVT_2023_MICHAUNG,HS04,2023-12-05T16:00,0.1,0.1,0.1,110.1,False,0.0,Low,CELL_TNG_01,True,Proxy/Synthetic Development Observation (Calibrated to GCC Chronic Hotspot Trigger Thresholds)
EVT_2023_MICHAUNG,HS04,2023-12-05T17:00,0.0,0.0,0.0,95.8,False,0.0,Low,CELL_TNG_01,True,Proxy/Synthetic Development Observation (Calibrated to GCC Chronic Hotspot Trigger Thresholds)
EVT_2023_MICHAUNG,HS04,2023-12-05T18:00,0.0,0.0,0.0,88.3,False,0.0,Low,CELL_TNG_01,True,Proxy/Synthetic Development Observation (Calibrated to GCC Chronic Hotspot Trigger Thresholds)
EVT_2023_MICHAUNG,HS04,2023-12-05T19:00,0.0,0.0,0.0,69.1,False,0.0,Low,CELL_TNG_01,True,Proxy/Synthetic Development Observation (Calibrated to GCC Chronic Hotspot Trigger Thresholds)
EVT_2023_MICHAUNG,HS04,2023-12-05T20:00,0.0,0.0,0.0,51.1,False,0.0,Low,CELL_TNG_01,True,Proxy/Synthetic Development Observation (Calibrated to GCC Chronic Hotspot Trigger Thresholds)
EVT_2023_MICHAUNG,HS04,2023-12-05T21:00,0.0,0.0,0.0,34.5,False,0.0,Low,CELL_TNG_01,True,Proxy/Synthetic Development Observation (Calibrated to GCC Chronic Hotspot Trigger Thresholds)
EVT_2023_MICHAUNG,HS04,2023-12-05T22:00,0.0,0.0,0.0,26.5,False,0.0,Low,CELL_TNG_01,True,Proxy/Synthetic Development Observation (Calibrated to GCC Chronic Hotspot Trigger Thresholds)
EVT_2023_MICHAUNG,HS04,2023-12-05T23:00,0.0,0.0,0.0,19.4,False,0.0,Low,CELL_TNG_01,True,Proxy/Synthetic Development Observation (Calibrated to GCC Chronic Hotspot Trigger Thresholds)
EVT_2023_MICHAUNG,HS05,2023-12-03T00:00,2.5,5.6,11.3,0,False,0.0,Moderate,CELL_PUL_01,True,Proxy/Synthetic Development Observation (Calibrated to GCC Chronic Hotspot Trigger Thresholds)
EVT_2023_MICHAUNG,HS05,2023-12-03T01:00,1.0,5.0,13.4,2.5,False,0.0,Moderate,CELL_PUL_01,True,Proxy/Synthetic Development Observation (Calibrated to GCC Chronic Hotspot Trigger Thresholds)
EVT_2023_MICHAUNG,HS05,2023-12-03T02:00,2.1,6.0,15.8,3.5,False,0.0,Moderate,CELL_PUL_01,True,Proxy/Synthetic Development Observation (Calibrated to GCC Chronic Hotspot Trigger Thresholds)
EVT_2023_MICHAUNG,HS05,2023-12-03T03:00,1.9,5.7,14.6,5.6,False,0.0,Moderate,CELL_PUL_01,True,Proxy/Synthetic Development Observation (Calibrated to GCC Chronic Hotspot Trigger Thresholds)
EVT_2023_MICHAUNG,HS05,2023-12-03T04:00,2.0,8.4,13.9,7.5,False,0.0,Moderate,CELL_PUL_01,True,Proxy/Synthetic Development Observation (Calibrated to GCC Chronic Hotspot Trigger Thresholds)
EVT_2023_MICHAUNG,HS05,2023-12-03T05:00,1.8,9.8,13.3,9.5,False,0.0,Moderate,CELL_PUL_01,True,Proxy/Synthetic Development Observation (Calibrated to GCC Chronic Hotspot Trigger Thresholds)
EVT_2023_MICHAUNG,HS05,2023-12-03T06:00,4.6,8.9,13.4,11.3,False,0.0,Moderate,CELL_PUL_01,True,Proxy/Synthetic Development Observation (Calibrated to GCC Chronic Hotspot Trigger Thresholds)
EVT_2023_MICHAUNG,HS05,2023-12-03T07:00,3.4,5.5,18.5,15.9,False,0.0,Moderate,CELL_PUL_01,True,Proxy/Synthetic Development Observation (Calibrated to GCC Chronic Hotspot Trigger Thresholds)
EVT_2023_MICHAUNG,HS05,2023-12-03T08:00,0.9,3.5,20.8,19.3,False,0.0,Moderate,CELL_PUL_01,True,Proxy/Synthetic Development Observation (Calibrated to GCC Chronic Hotspot Trigger Thresholds)
EVT_2023_MICHAUNG,HS05,2023-12-03T09:00,1.2,4.5,20.7,20.2,False,0.0,Moderate,CELL_PUL_01,True,Proxy/Synthetic Development Observation (Calibrated to GCC Chronic Hotspot Trigger Thresholds)
EVT_2023_MICHAUNG,HS05,2023-12-03T10:00,1.4,13.0,20.7,21.4,False,0.0,Moderate,CELL_PUL_01,True,Proxy/Synthetic Development Observation (Calibrated to GCC Chronic Hotspot Trigger Thresholds)
EVT_2023_MICHAUNG,HS05,2023-12-03T11:00,1.9,17.3,19.6,22.8,False,0.0,Moderate,CELL_PUL_01,True,Proxy/Synthetic Development Observation (Calibrated to GCC Chronic Hotspot Trigger Thresholds)
EVT_2023_MICHAUNG,HS05,2023-12-03T12:00,9.7,16.2,19.1,24.7,False,0.0,Moderate,CELL_PUL_01,True,Proxy/Synthetic Development Observation (Calibrated to GCC Chronic Hotspot Trigger Thresholds)
EVT_2023_MICHAUNG,HS05,2023-12-03T13:00,5.7,7.7,11.6,34.4,False,0.0,Moderate,CELL_PUL_01,True,Proxy/Synthetic Development Observation (Calibrated to GCC Chronic Hotspot Trigger Thresholds)
EVT_2023_MICHAUNG,HS05,2023-12-03T14:00,0.8,2.3,7.2,40.1,False,0.0,Low,CELL_PUL_01,True,Proxy/Synthetic Development Observation (Calibrated to GCC Chronic Hotspot Trigger Thresholds)
EVT_2023_MICHAUNG,HS05,2023-12-03T15:00,1.2,2.9,7.4,40.9,False,0.0,Low,CELL_PUL_01,True,Proxy/Synthetic Development Observation (Calibrated to GCC Chronic Hotspot Trigger Thresholds)
EVT_2023_MICHAUNG,HS05,2023-12-03T16:00,0.3,3.9,7.4,42.1,False,0.0,Low,CELL_PUL_01,True,Proxy/Synthetic Development Observation (Calibrated to GCC Chronic Hotspot Trigger Thresholds)
EVT_2023_MICHAUNG,HS05,2023-12-03T17:00,1.4,4.9,9.4,42.4,False,0.0,Moderate,CELL_PUL_01,True,Proxy/Synthetic Development Observation (Calibrated to GCC Chronic Hotspot Trigger Thresholds)
EVT_2023_MICHAUNG,HS05,2023-12-03T18:00,2.2,4.5,10.2,43.8,False,0.0,Moderate,CELL_PUL_01,True,Proxy/Synthetic Development Observation (Calibrated to GCC Chronic Hotspot Trigger Thresholds)
EVT_2023_MICHAUNG,HS05,2023-12-03T19:00,1.3,3.5,12.3,46.0,False,0.0,Moderate,CELL_PUL_01,True,Proxy/Synthetic Development Observation (Calibrated to GCC Chronic Hotspot Trigger Thresholds)
EVT_2023_MICHAUNG,HS05,2023-12-03T20:00,1.0,4.5,13.6,47.3,False,0.0,Moderate,CELL_PUL_01,True,Proxy/Synthetic Development Observation (Calibrated to GCC Chronic Hotspot Trigger Thresholds)
EVT_2023_MICHAUNG,HS05,2023-12-03T21:00,1.2,5.7,16.0,48.3,False,0.0,Moderate,CELL_PUL_01,True,Proxy/Synthetic Development Observation (Calibrated to GCC Chronic Hotspot Trigger Thresholds)
EVT_2023_MICHAUNG,HS05,2023-12-03T22:00,2.3,8.8,17.4,49.5,False,0.0,Moderate,CELL_PUL_01,True,Proxy/Synthetic Development Observation (Calibrated to GCC Chronic Hotspot Trigger Thresholds)
EVT_2023_MICHAUNG,HS05,2023-12-03T23:00,2.2,9.1,17.3,51.8,False,0.0,Moderate,CELL_PUL_01,True,Proxy/Synthetic Development Observation (Calibrated to GCC Chronic Hotspot Trigger Thresholds)
EVT_2023_MICHAUNG,HS05,2023-12-04T00:00,4.3,10.3,20.1,54.0,False,0.0,Moderate,CELL_PUL_01,True,Proxy/Synthetic Development Observation (Calibrated to GCC Chronic Hotspot Trigger Thresholds)
EVT_2023_MICHAUNG,HS05,2023-12-04T01:00,2.6,8.6,34.0,55.8,False,0.0,Moderate,CELL_PUL_01,True,Proxy/Synthetic Development Observation (Calibrated to GCC Chronic Hotspot Trigger Thresholds)
EVT_2023_MICHAUNG,HS05,2023-12-04T02:00,3.4,8.2,57.5,57.4,True,1.8,Severe,CELL_PUL_01,True,Proxy/Synthetic Development Observation (Calibrated to GCC Chronic Hotspot Trigger Thresholds)
EVT_2023_MICHAUNG,HS05,2023-12-04T03:00,2.6,9.8,75.6,58.7,True,1.8,Severe,CELL_PUL_01,True,Proxy/Synthetic Development Observation (Calibrated to GCC Chronic Hotspot Trigger Thresholds)
EVT_2023_MICHAUNG,HS05,2023-12-04T04:00,2.2,25.4,85.9,59.4,True,1.8,Severe,CELL_PUL_01,True,Proxy/Synthetic Development Observation (Calibrated to GCC Chronic Hotspot Trigger Thresholds)
EVT_2023_MICHAUNG,HS05,2023-12-04T05:00,5.0,49.3,92.4,59.6,True,1.8,Severe,CELL_PUL_01,True,Proxy/Synthetic Development Observation (Calibrated to GCC Chronic Hotspot Trigger Thresholds)
EVT_2023_MICHAUNG,HS05,2023-12-04T06:00,18.2,65.8,94.1,62.8,True,1.8,Severe,CELL_PUL_01,True,Proxy/Synthetic Development Observation (Calibrated to GCC Chronic Hotspot Trigger Thresholds)
EVT_2023_MICHAUNG,HS05,2023-12-04T07:00,26.1,60.5,89.7,76.4,True,1.8,Severe,CELL_PUL_01,True,Proxy/Synthetic Development Observation (Calibrated to GCC Chronic Hotspot Trigger Thresholds)
EVT_2023_MICHAUNG,HS05,2023-12-04T08:00,21.5,43.1,70.5,99.1,True,1.8,Severe,CELL_PUL_01,True,Proxy/Synthetic Development Observation (Calibrated to GCC Chronic Hotspot Trigger Thresholds)
EVT_2023_MICHAUNG,HS05,2023-12-04T09:00,12.9,28.3,57.7,119.7,True,1.8,Severe,CELL_PUL_01,True,Proxy/Synthetic Development Observation (Calibrated to GCC Chronic Hotspot Trigger Thresholds)
EVT_2023_MICHAUNG,HS05,2023-12-04T10:00,8.7,29.2,61.1,131.4,True,1.8,Severe,CELL_PUL_01,True,Proxy/Synthetic Development Observation (Calibrated to GCC Chronic Hotspot Trigger Thresholds)
EVT_2023_MICHAUNG,HS05,2023-12-04T11:00,6.7,27.4,66.8,138.7,True,1.8,Severe,CELL_PUL_01,True,Proxy/Synthetic Development Observation (Calibrated to GCC Chronic Hotspot Trigger Thresholds)
EVT_2023_MICHAUNG,HS05,2023-12-04T12:00,13.8,29.4,67.6,143.5,True,1.8,Severe,CELL_PUL_01,True,Proxy/Synthetic Development Observation (Calibrated to GCC Chronic Hotspot Trigger Thresholds)
EVT_2023_MICHAUNG,HS05,2023-12-04T13:00,6.9,31.9,73.0,147.6,True,1.8,Severe,CELL_PUL_01,True,Proxy/Synthetic Development Observation (Calibrated to GCC Chronic Hotspot Trigger Thresholds)
EVT_2023_MICHAUNG,HS05,2023-12-04T14:00,8.7,39.4,84.1,148.8,True,1.8,Severe,CELL_PUL_01,True,Proxy/Synthetic Development Observation (Calibrated to GCC Chronic Hotspot Trigger Thresholds)
EVT_2023_MICHAUNG,HS05,2023-12-04T15:00,16.3,38.2,92.0,156.7,True,1.8,Severe,CELL_PUL_01,True,Proxy/Synthetic Development Observation (Calibrated to GCC Chronic Hotspot Trigger Thresholds)
EVT_2023_MICHAUNG,HS05,2023-12-04T16:00,14.4,41.1,83.7,171.8,True,1.8,Severe,CELL_PUL_01,True,Proxy/Synthetic Development Observation (Calibrated to GCC Chronic Hotspot Trigger Thresholds)
EVT_2023_MICHAUNG,HS05,2023-12-04T17:00,7.5,44.7,76.4,185.9,True,1.8,Severe,CELL_PUL_01,True,Proxy/Synthetic Development Observation (Calibrated to GCC Chronic Hotspot Trigger Thresholds)
EVT_2023_MICHAUNG,HS05,2023-12-04T18:00,19.2,53.8,74.0,192.0,True,1.8,Severe,CELL_PUL_01,True,Proxy/Synthetic Development Observation (Calibrated to GCC Chronic Hotspot Trigger Thresholds)
EVT_2023_MICHAUNG,HS05,2023-12-04T19:00,18.0,42.6,60.6,209.0,True,1.8,Severe,CELL_PUL_01,True,Proxy/Synthetic Development Observation (Calibrated to GCC Chronic Hotspot Trigger Thresholds)
EVT_2023_MICHAUNG,HS05,2023-12-04T20:00,16.6,31.7,46.5,225.7,True,1.55,Severe,CELL_PUL_01,True,Proxy/Synthetic Development Observation (Calibrated to GCC Chronic Hotspot Trigger Thresholds)
EVT_2023_MICHAUNG,HS05,2023-12-04T21:00,8.0,20.2,34.1,241.3,False,0.0,Moderate,CELL_PUL_01,True,Proxy/Synthetic Development Observation (Calibrated to GCC Chronic Hotspot Trigger Thresholds)
EVT_2023_MICHAUNG,HS05,2023-12-04T22:00,7.1,18.0,26.4,248.1,False,0.0,Moderate,CELL_PUL_01,True,Proxy/Synthetic Development Observation (Calibrated to GCC Chronic Hotspot Trigger Thresholds)
EVT_2023_MICHAUNG,HS05,2023-12-04T23:00,5.1,14.8,19.3,252.9,False,0.0,Moderate,CELL_PUL_01,True,Proxy/Synthetic Development Observation (Calibrated to GCC Chronic Hotspot Trigger Thresholds)
EVT_2023_MICHAUNG,HS05,2023-12-05T00:00,5.8,13.9,14.2,255.8,False,0.0,Moderate,CELL_PUL_01,True,Proxy/Synthetic Development Observation (Calibrated to GCC Chronic Hotspot Trigger Thresholds)
EVT_2023_MICHAUNG,HS05,2023-12-05T01:00,3.9,8.4,8.4,257.3,False,0.0,Low,CELL_PUL_01,True,Proxy/Synthetic Development Observation (Calibrated to GCC Chronic Hotspot Trigger Thresholds)
EVT_2023_MICHAUNG,HS05,2023-12-05T02:00,4.2,4.5,4.5,258.6,False,0.0,Low,CELL_PUL_01,True,Proxy/Synthetic Development Observation (Calibrated to GCC Chronic Hotspot Trigger Thresholds)
EVT_2023_MICHAUNG,HS05,2023-12-05T03:00,0.3,0.3,0.3,259.4,False,0.0,Low,CELL_PUL_01,True,Proxy/Synthetic Development Observation (Calibrated to GCC Chronic Hotspot Trigger Thresholds)
EVT_2023_MICHAUNG,HS05,2023-12-05T04:00,0.0,0.0,0.0,257.1,False,0.0,Low,CELL_PUL_01,True,Proxy/Synthetic Development Observation (Calibrated to GCC Chronic Hotspot Trigger Thresholds)
EVT_2023_MICHAUNG,HS05,2023-12-05T05:00,0.0,0.0,0.0,254.9,False,0.0,Low,CELL_PUL_01,True,Proxy/Synthetic Development Observation (Calibrated to GCC Chronic Hotspot Trigger Thresholds)
EVT_2023_MICHAUNG,HS05,2023-12-05T06:00,0.0,0.0,0.0,249.9,False,0.0,Low,CELL_PUL_01,True,Proxy/Synthetic Development Observation (Calibrated to GCC Chronic Hotspot Trigger Thresholds)
EVT_2023_MICHAUNG,HS05,2023-12-05T07:00,0.0,0.0,0.0,231.7,False,0.0,Low,CELL_PUL_01,True,Proxy/Synthetic Development Observation (Calibrated to GCC Chronic Hotspot Trigger Thresholds)
EVT_2023_MICHAUNG,HS05,2023-12-05T08:00,0.0,0.0,0.0,205.6,False,0.0,Low,CELL_PUL_01,True,Proxy/Synthetic Development Observation (Calibrated to GCC Chronic Hotspot Trigger Thresholds)
EVT_2023_MICHAUNG,HS05,2023-12-05T09:00,0.0,0.0,0.0,184.1,False,0.0,Low,CELL_PUL_01,True,Proxy/Synthetic Development Observation (Calibrated to GCC Chronic Hotspot Trigger Thresholds)
EVT_2023_MICHAUNG,HS05,2023-12-05T10:00,0.0,0.0,0.0,171.2,False,0.0,Low,CELL_PUL_01,True,Proxy/Synthetic Development Observation (Calibrated to GCC Chronic Hotspot Trigger Thresholds)
EVT_2023_MICHAUNG,HS05,2023-12-05T11:00,0.0,0.0,0.1,162.5,False,0.0,Low,CELL_PUL_01,True,Proxy/Synthetic Development Observation (Calibrated to GCC Chronic Hotspot Trigger Thresholds)
EVT_2023_MICHAUNG,HS05,2023-12-05T12:00,0.0,0.0,0.1,155.8,False,0.0,Low,CELL_PUL_01,True,Proxy/Synthetic Development Observation (Calibrated to GCC Chronic Hotspot Trigger Thresholds)
EVT_2023_MICHAUNG,HS05,2023-12-05T13:00,0.0,0.0,0.1,142.0,False,0.0,Low,CELL_PUL_01,True,Proxy/Synthetic Development Observation (Calibrated to GCC Chronic Hotspot Trigger Thresholds)
EVT_2023_MICHAUNG,HS05,2023-12-05T14:00,0.0,0.1,0.1,135.1,False,0.0,Low,CELL_PUL_01,True,Proxy/Synthetic Development Observation (Calibrated to GCC Chronic Hotspot Trigger Thresholds)
EVT_2023_MICHAUNG,HS05,2023-12-05T15:00,0.0,0.1,0.1,126.4,False,0.0,Low,CELL_PUL_01,True,Proxy/Synthetic Development Observation (Calibrated to GCC Chronic Hotspot Trigger Thresholds)
EVT_2023_MICHAUNG,HS05,2023-12-05T16:00,0.1,0.1,0.1,110.1,False,0.0,Low,CELL_PUL_01,True,Proxy/Synthetic Development Observation (Calibrated to GCC Chronic Hotspot Trigger Thresholds)
EVT_2023_MICHAUNG,HS05,2023-12-05T17:00,0.0,0.0,0.0,95.8,False,0.0,Low,CELL_PUL_01,True,Proxy/Synthetic Development Observation (Calibrated to GCC Chronic Hotspot Trigger Thresholds)
EVT_2023_MICHAUNG,HS05,2023-12-05T18:00,0.0,0.0,0.0,88.3,False,0.0,Low,CELL_PUL_01,True,Proxy/Synthetic Development Observation (Calibrated to GCC Chronic Hotspot Trigger Thresholds)
EVT_2023_MICHAUNG,HS05,2023-12-05T19:00,0.0,0.0,0.0,69.1,False,0.0,Low,CELL_PUL_01,True,Proxy/Synthetic Development Observation (Calibrated to GCC Chronic Hotspot Trigger Thresholds)
EVT_2023_MICHAUNG,HS05,2023-12-05T20:00,0.0,0.0,0.0,51.1,False,0.0,Low,CELL_PUL_01,True,Proxy/Synthetic Development Observation (Calibrated to GCC Chronic Hotspot Trigger Thresholds)
EVT_2023_MICHAUNG,HS05,2023-12-05T21:00,0.0,0.0,0.0,34.5,False,0.0,Low,CELL_PUL_01,True,Proxy/Synthetic Development Observation (Calibrated to GCC Chronic Hotspot Trigger Thresholds)
EVT_2023_MICHAUNG,HS05,2023-12-05T22:00,0.0,0.0,0.0,26.5,False,0.0,Low,CELL_PUL_01,True,Proxy/Synthetic Development Observation (Calibrated to GCC Chronic Hotspot Trigger Thresholds)
EVT_2023_MICHAUNG,HS05,2023-12-05T23:00,0.0,0.0,0.0,19.4,False,0.0,Low,CELL_PUL_01,True,Proxy/Synthetic Development Observation (Calibrated to GCC Chronic Hotspot Trigger Thresholds)
EVT_2023_MICHAUNG,HS06,2023-12-03T00:00,2.5,5.6,11.3,0,False,0.0,Moderate,CELL_VYA_01,True,Proxy/Synthetic Development Observation (Calibrated to GCC Chronic Hotspot Trigger Thresholds)
EVT_2023_MICHAUNG,HS06,2023-12-03T01:00,1.0,5.0,13.4,2.5,False,0.0,Moderate,CELL_VYA_01,True,Proxy/Synthetic Development Observation (Calibrated to GCC Chronic Hotspot Trigger Thresholds)
EVT_2023_MICHAUNG,HS06,2023-12-03T02:00,2.1,6.0,15.8,3.5,False,0.0,Moderate,CELL_VYA_01,True,Proxy/Synthetic Development Observation (Calibrated to GCC Chronic Hotspot Trigger Thresholds)
EVT_2023_MICHAUNG,HS06,2023-12-03T03:00,1.9,5.7,14.6,5.6,False,0.0,Moderate,CELL_VYA_01,True,Proxy/Synthetic Development Observation (Calibrated to GCC Chronic Hotspot Trigger Thresholds)
EVT_2023_MICHAUNG,HS06,2023-12-03T04:00,2.0,8.4,13.9,7.5,False,0.0,Moderate,CELL_VYA_01,True,Proxy/Synthetic Development Observation (Calibrated to GCC Chronic Hotspot Trigger Thresholds)
EVT_2023_MICHAUNG,HS06,2023-12-03T05:00,1.8,9.8,13.3,9.5,False,0.0,Moderate,CELL_VYA_01,True,Proxy/Synthetic Development Observation (Calibrated to GCC Chronic Hotspot Trigger Thresholds)
EVT_2023_MICHAUNG,HS06,2023-12-03T06:00,4.6,8.9,13.4,11.3,False,0.0,Moderate,CELL_VYA_01,True,Proxy/Synthetic Development Observation (Calibrated to GCC Chronic Hotspot Trigger Thresholds)
EVT_2023_MICHAUNG,HS06,2023-12-03T07:00,3.4,5.5,18.5,15.9,False,0.0,Moderate,CELL_VYA_01,True,Proxy/Synthetic Development Observation (Calibrated to GCC Chronic Hotspot Trigger Thresholds)
EVT_2023_MICHAUNG,HS06,2023-12-03T08:00,0.9,3.5,20.8,19.3,False,0.0,Moderate,CELL_VYA_01,True,Proxy/Synthetic Development Observation (Calibrated to GCC Chronic Hotspot Trigger Thresholds)
EVT_2023_MICHAUNG,HS06,2023-12-03T09:00,1.2,4.5,20.7,20.2,False,0.0,Moderate,CELL_VYA_01,True,Proxy/Synthetic Development Observation (Calibrated to GCC Chronic Hotspot Trigger Thresholds)
EVT_2023_MICHAUNG,HS06,2023-12-03T10:00,1.4,13.0,20.7,21.4,False,0.0,Moderate,CELL_VYA_01,True,Proxy/Synthetic Development Observation (Calibrated to GCC Chronic Hotspot Trigger Thresholds)
EVT_2023_MICHAUNG,HS06,2023-12-03T11:00,1.9,17.3,19.6,22.8,False,0.0,Moderate,CELL_VYA_01,True,Proxy/Synthetic Development Observation (Calibrated to GCC Chronic Hotspot Trigger Thresholds)
EVT_2023_MICHAUNG,HS06,2023-12-03T12:00,9.7,16.2,19.1,24.7,False,0.0,Moderate,CELL_VYA_01,True,Proxy/Synthetic Development Observation (Calibrated to GCC Chronic Hotspot Trigger Thresholds)
EVT_2023_MICHAUNG,HS06,2023-12-03T13:00,5.7,7.7,11.6,34.4,False,0.0,Moderate,CELL_VYA_01,True,Proxy/Synthetic Development Observation (Calibrated to GCC Chronic Hotspot Trigger Thresholds)
EVT_2023_MICHAUNG,HS06,2023-12-03T14:00,0.8,2.3,7.2,40.1,False,0.0,Low,CELL_VYA_01,True,Proxy/Synthetic Development Observation (Calibrated to GCC Chronic Hotspot Trigger Thresholds)
EVT_2023_MICHAUNG,HS06,2023-12-03T15:00,1.2,2.9,7.4,40.9,False,0.0,Low,CELL_VYA_01,True,Proxy/Synthetic Development Observation (Calibrated to GCC Chronic Hotspot Trigger Thresholds)
EVT_2023_MICHAUNG,HS06,2023-12-03T16:00,0.3,3.9,7.4,42.1,False,0.0,Low,CELL_VYA_01,True,Proxy/Synthetic Development Observation (Calibrated to GCC Chronic Hotspot Trigger Thresholds)
EVT_2023_MICHAUNG,HS06,2023-12-03T17:00,1.4,4.9,9.4,42.4,False,0.0,Moderate,CELL_VYA_01,True,Proxy/Synthetic Development Observation (Calibrated to GCC Chronic Hotspot Trigger Thresholds)
EVT_2023_MICHAUNG,HS06,2023-12-03T18:00,2.2,4.5,10.2,43.8,False,0.0,Moderate,CELL_VYA_01,True,Proxy/Synthetic Development Observation (Calibrated to GCC Chronic Hotspot Trigger Thresholds)
EVT_2023_MICHAUNG,HS06,2023-12-03T19:00,1.3,3.5,12.3,46.0,False,0.0,Moderate,CELL_VYA_01,True,Proxy/Synthetic Development Observation (Calibrated to GCC Chronic Hotspot Trigger Thresholds)
EVT_2023_MICHAUNG,HS06,2023-12-03T20:00,1.0,4.5,13.6,47.3,False,0.0,Moderate,CELL_VYA_01,True,Proxy/Synthetic Development Observation (Calibrated to GCC Chronic Hotspot Trigger Thresholds)
EVT_2023_MICHAUNG,HS06,2023-12-03T21:00,1.2,5.7,16.0,48.3,False,0.0,Moderate,CELL_VYA_01,True,Proxy/Synthetic Development Observation (Calibrated to GCC Chronic Hotspot Trigger Thresholds)
EVT_2023_MICHAUNG,HS06,2023-12-03T22:00,2.3,8.8,17.4,49.5,False,0.0,Moderate,CELL_VYA_01,True,Proxy/Synthetic Development Observation (Calibrated to GCC Chronic Hotspot Trigger Thresholds)
EVT_2023_MICHAUNG,HS06,2023-12-03T23:00,2.2,9.1,17.3,51.8,False,0.0,Moderate,CELL_VYA_01,True,Proxy/Synthetic Development Observation (Calibrated to GCC Chronic Hotspot Trigger Thresholds)
EVT_2023_MICHAUNG,HS06,2023-12-04T00:00,4.3,10.3,20.1,54.0,False,0.0,Moderate,CELL_VYA_01,True,Proxy/Synthetic Development Observation (Calibrated to GCC Chronic Hotspot Trigger Thresholds)
EVT_2023_MICHAUNG,HS06,2023-12-04T01:00,2.6,8.6,34.0,55.8,False,0.0,Moderate,CELL_VYA_01,True,Proxy/Synthetic Development Observation (Calibrated to GCC Chronic Hotspot Trigger Thresholds)
EVT_2023_MICHAUNG,HS06,2023-12-04T02:00,3.4,8.2,57.5,57.4,True,3.36,Severe,CELL_VYA_01,True,Proxy/Synthetic Development Observation (Calibrated to GCC Chronic Hotspot Trigger Thresholds)
EVT_2023_MICHAUNG,HS06,2023-12-04T03:00,2.6,9.8,75.6,58.7,True,3.36,Severe,CELL_VYA_01,True,Proxy/Synthetic Development Observation (Calibrated to GCC Chronic Hotspot Trigger Thresholds)
EVT_2023_MICHAUNG,HS06,2023-12-04T04:00,2.2,25.4,85.9,59.4,True,3.36,Severe,CELL_VYA_01,True,Proxy/Synthetic Development Observation (Calibrated to GCC Chronic Hotspot Trigger Thresholds)
EVT_2023_MICHAUNG,HS06,2023-12-04T05:00,5.0,49.3,92.4,59.6,True,3.36,Severe,CELL_VYA_01,True,Proxy/Synthetic Development Observation (Calibrated to GCC Chronic Hotspot Trigger Thresholds)
EVT_2023_MICHAUNG,HS06,2023-12-04T06:00,18.2,65.8,94.1,62.8,True,3.36,Severe,CELL_VYA_01,True,Proxy/Synthetic Development Observation (Calibrated to GCC Chronic Hotspot Trigger Thresholds)
EVT_2023_MICHAUNG,HS06,2023-12-04T07:00,26.1,60.5,89.7,76.4,True,3.36,Severe,CELL_VYA_01,True,Proxy/Synthetic Development Observation (Calibrated to GCC Chronic Hotspot Trigger Thresholds)
EVT_2023_MICHAUNG,HS06,2023-12-04T08:00,21.5,43.1,70.5,99.1,True,3.36,Severe,CELL_VYA_01,True,Proxy/Synthetic Development Observation (Calibrated to GCC Chronic Hotspot Trigger Thresholds)
EVT_2023_MICHAUNG,HS06,2023-12-04T09:00,12.9,28.3,57.7,119.7,True,3.36,Severe,CELL_VYA_01,True,Proxy/Synthetic Development Observation (Calibrated to GCC Chronic Hotspot Trigger Thresholds)
EVT_2023_MICHAUNG,HS06,2023-12-04T10:00,8.7,29.2,61.1,131.4,True,3.36,Severe,CELL_VYA_01,True,Proxy/Synthetic Development Observation (Calibrated to GCC Chronic Hotspot Trigger Thresholds)
EVT_2023_MICHAUNG,HS06,2023-12-04T11:00,6.7,27.4,66.8,138.7,True,3.36,Severe,CELL_VYA_01,True,Proxy/Synthetic Development Observation (Calibrated to GCC Chronic Hotspot Trigger Thresholds)
EVT_2023_MICHAUNG,HS06,2023-12-04T12:00,13.8,29.4,67.6,143.5,True,3.36,Severe,CELL_VYA_01,True,Proxy/Synthetic Development Observation (Calibrated to GCC Chronic Hotspot Trigger Thresholds)
EVT_2023_MICHAUNG,HS06,2023-12-04T13:00,6.9,31.9,73.0,147.6,True,3.36,Severe,CELL_VYA_01,True,Proxy/Synthetic Development Observation (Calibrated to GCC Chronic Hotspot Trigger Thresholds)
EVT_2023_MICHAUNG,HS06,2023-12-04T14:00,8.7,39.4,84.1,148.8,True,3.36,Severe,CELL_VYA_01,True,Proxy/Synthetic Development Observation (Calibrated to GCC Chronic Hotspot Trigger Thresholds)
EVT_2023_MICHAUNG,HS06,2023-12-04T15:00,16.3,38.2,92.0,156.7,True,3.36,Severe,CELL_VYA_01,True,Proxy/Synthetic Development Observation (Calibrated to GCC Chronic Hotspot Trigger Thresholds)
EVT_2023_MICHAUNG,HS06,2023-12-04T16:00,14.4,41.1,83.7,171.8,True,3.36,Severe,CELL_VYA_01,True,Proxy/Synthetic Development Observation (Calibrated to GCC Chronic Hotspot Trigger Thresholds)
EVT_2023_MICHAUNG,HS06,2023-12-04T17:00,7.5,44.7,76.4,185.9,True,3.36,Severe,CELL_VYA_01,True,Proxy/Synthetic Development Observation (Calibrated to GCC Chronic Hotspot Trigger Thresholds)
EVT_2023_MICHAUNG,HS06,2023-12-04T18:00,19.2,53.8,74.0,192.0,True,3.36,Severe,CELL_VYA_01,True,Proxy/Synthetic Development Observation (Calibrated to GCC Chronic Hotspot Trigger Thresholds)
EVT_2023_MICHAUNG,HS06,2023-12-04T19:00,18.0,42.6,60.6,209.0,True,3.36,Severe,CELL_VYA_01,True,Proxy/Synthetic Development Observation (Calibrated to GCC Chronic Hotspot Trigger Thresholds)
EVT_2023_MICHAUNG,HS06,2023-12-04T20:00,16.6,31.7,46.5,225.7,True,3.36,Severe,CELL_VYA_01,True,Proxy/Synthetic Development Observation (Calibrated to GCC Chronic Hotspot Trigger Thresholds)
EVT_2023_MICHAUNG,HS06,2023-12-04T21:00,8.0,20.2,34.1,241.3,False,0.0,Moderate,CELL_VYA_01,True,Proxy/Synthetic Development Observation (Calibrated to GCC Chronic Hotspot Trigger Thresholds)
EVT_2023_MICHAUNG,HS06,2023-12-04T22:00,7.1,18.0,26.4,248.1,False,0.0,Moderate,CELL_VYA_01,True,Proxy/Synthetic Development Observation (Calibrated to GCC Chronic Hotspot Trigger Thresholds)
EVT_2023_MICHAUNG,HS06,2023-12-04T23:00,5.1,14.8,19.3,252.9,False,0.0,Moderate,CELL_VYA_01,True,Proxy/Synthetic Development Observation (Calibrated to GCC Chronic Hotspot Trigger Thresholds)
EVT_2023_MICHAUNG,HS06,2023-12-05T00:00,5.8,13.9,14.2,255.8,False,0.0,Moderate,CELL_VYA_01,True,Proxy/Synthetic Development Observation (Calibrated to GCC Chronic Hotspot Trigger Thresholds)
EVT_2023_MICHAUNG,HS06,2023-12-05T01:00,3.9,8.4,8.4,257.3,False,0.0,Moderate,CELL_VYA_01,True,Proxy/Synthetic Development Observation (Calibrated to GCC Chronic Hotspot Trigger Thresholds)
EVT_2023_MICHAUNG,HS06,2023-12-05T02:00,4.2,4.5,4.5,258.6,False,0.0,Low,CELL_VYA_01,True,Proxy/Synthetic Development Observation (Calibrated to GCC Chronic Hotspot Trigger Thresholds)
EVT_2023_MICHAUNG,HS06,2023-12-05T03:00,0.3,0.3,0.3,259.4,False,0.0,Low,CELL_VYA_01,True,Proxy/Synthetic Development Observation (Calibrated to GCC Chronic Hotspot Trigger Thresholds)
EVT_2023_MICHAUNG,HS06,2023-12-05T04:00,0.0,0.0,0.0,257.1,False,0.0,Low,CELL_VYA_01,True,Proxy/Synthetic Development Observation (Calibrated to GCC Chronic Hotspot Trigger Thresholds)
EVT_2023_MICHAUNG,HS06,2023-12-05T05:00,0.0,0.0,0.0,254.9,False,0.0,Low,CELL_VYA_01,True,Proxy/Synthetic Development Observation (Calibrated to GCC Chronic Hotspot Trigger Thresholds)
EVT_2023_MICHAUNG,HS06,2023-12-05T06:00,0.0,0.0,0.0,249.9,False,0.0,Low,CELL_VYA_01,True,Proxy/Synthetic Development Observation (Calibrated to GCC Chronic Hotspot Trigger Thresholds)
EVT_2023_MICHAUNG,HS06,2023-12-05T07:00,0.0,0.0,0.0,231.7,False,0.0,Low,CELL_VYA_01,True,Proxy/Synthetic Development Observation (Calibrated to GCC Chronic Hotspot Trigger Thresholds)
EVT_2023_MICHAUNG,HS06,2023-12-05T08:00,0.0,0.0,0.0,205.6,False,0.0,Low,CELL_VYA_01,True,Proxy/Synthetic Development Observation (Calibrated to GCC Chronic Hotspot Trigger Thresholds)
EVT_2023_MICHAUNG,HS06,2023-12-05T09:00,0.0,0.0,0.0,184.1,False,0.0,Low,CELL_VYA_01,True,Proxy/Synthetic Development Observation (Calibrated to GCC Chronic Hotspot Trigger Thresholds)
EVT_2023_MICHAUNG,HS06,2023-12-05T10:00,0.0,0.0,0.0,171.2,False,0.0,Low,CELL_VYA_01,True,Proxy/Synthetic Development Observation (Calibrated to GCC Chronic Hotspot Trigger Thresholds)
EVT_2023_MICHAUNG,HS06,2023-12-05T11:00,0.0,0.0,0.1,162.5,False,0.0,Low,CELL_VYA_01,True,Proxy/Synthetic Development Observation (Calibrated to GCC Chronic Hotspot Trigger Thresholds)
EVT_2023_MICHAUNG,HS06,2023-12-05T12:00,0.0,0.0,0.1,155.8,False,0.0,Low,CELL_VYA_01,True,Proxy/Synthetic Development Observation (Calibrated to GCC Chronic Hotspot Trigger Thresholds)
EVT_2023_MICHAUNG,HS06,2023-12-05T13:00,0.0,0.0,0.1,142.0,False,0.0,Low,CELL_VYA_01,True,Proxy/Synthetic Development Observation (Calibrated to GCC Chronic Hotspot Trigger Thresholds)
EVT_2023_MICHAUNG,HS06,2023-12-05T14:00,0.0,0.1,0.1,135.1,False,0.0,Low,CELL_VYA_01,True,Proxy/Synthetic Development Observation (Calibrated to GCC Chronic Hotspot Trigger Thresholds)
EVT_2023_MICHAUNG,HS06,2023-12-05T15:00,0.0,0.1,0.1,126.4,False,0.0,Low,CELL_VYA_01,True,Proxy/Synthetic Development Observation (Calibrated to GCC Chronic Hotspot Trigger Thresholds)
EVT_2023_MICHAUNG,HS06,2023-12-05T16:00,0.1,0.1,0.1,110.1,False,0.0,Low,CELL_VYA_01,True,Proxy/Synthetic Development Observation (Calibrated to GCC Chronic Hotspot Trigger Thresholds)
EVT_2023_MICHAUNG,HS06,2023-12-05T17:00,0.0,0.0,0.0,95.8,False,0.0,Low,CELL_VYA_01,True,Proxy/Synthetic Development Observation (Calibrated to GCC Chronic Hotspot Trigger Thresholds)
EVT_2023_MICHAUNG,HS06,2023-12-05T18:00,0.0,0.0,0.0,88.3,False,0.0,Low,CELL_VYA_01,True,Proxy/Synthetic Development Observation (Calibrated to GCC Chronic Hotspot Trigger Thresholds)
EVT_2023_MICHAUNG,HS06,2023-12-05T19:00,0.0,0.0,0.0,69.1,False,0.0,Low,CELL_VYA_01,True,Proxy/Synthetic Development Observation (Calibrated to GCC Chronic Hotspot Trigger Thresholds)
EVT_2023_MICHAUNG,HS06,2023-12-05T20:00,0.0,0.0,0.0,51.1,False,0.0,Low,CELL_VYA_01,True,Proxy/Synthetic Development Observation (Calibrated to GCC Chronic Hotspot Trigger Thresholds)
EVT_2023_MICHAUNG,HS06,2023-12-05T21:00,0.0,0.0,0.0,34.5,False,0.0,Low,CELL_VYA_01,True,Proxy/Synthetic Development Observation (Calibrated to GCC Chronic Hotspot Trigger Thresholds)
EVT_2023_MICHAUNG,HS06,2023-12-05T22:00,0.0,0.0,0.0,26.5,False,0.0,Low,CELL_VYA_01,True,Proxy/Synthetic Development Observation (Calibrated to GCC Chronic Hotspot Trigger Thresholds)
EVT_2023_MICHAUNG,HS06,2023-12-05T23:00,0.0,0.0,0.0,19.4,False,0.0,Low,CELL_VYA_01,True,Proxy/Synthetic Development Observation (Calibrated to GCC Chronic Hotspot Trigger Thresholds)
EVT_2023_MICHAUNG,HS07,2023-12-03T00:00,2.5,5.6,11.3,0,False,0.0,Moderate,CELL_PRM_01,True,Proxy/Synthetic Development Observation (Calibrated to GCC Chronic Hotspot Trigger Thresholds)
EVT_2023_MICHAUNG,HS07,2023-12-03T01:00,1.0,5.0,13.4,2.5,False,0.0,Moderate,CELL_PRM_01,True,Proxy/Synthetic Development Observation (Calibrated to GCC Chronic Hotspot Trigger Thresholds)
EVT_2023_MICHAUNG,HS07,2023-12-03T02:00,2.1,6.0,15.8,3.5,False,0.0,Moderate,CELL_PRM_01,True,Proxy/Synthetic Development Observation (Calibrated to GCC Chronic Hotspot Trigger Thresholds)
EVT_2023_MICHAUNG,HS07,2023-12-03T03:00,1.9,5.7,14.6,5.6,False,0.0,Moderate,CELL_PRM_01,True,Proxy/Synthetic Development Observation (Calibrated to GCC Chronic Hotspot Trigger Thresholds)
EVT_2023_MICHAUNG,HS07,2023-12-03T04:00,2.0,8.4,13.9,7.5,False,0.0,Moderate,CELL_PRM_01,True,Proxy/Synthetic Development Observation (Calibrated to GCC Chronic Hotspot Trigger Thresholds)
EVT_2023_MICHAUNG,HS07,2023-12-03T05:00,1.8,9.8,13.3,9.5,False,0.0,Moderate,CELL_PRM_01,True,Proxy/Synthetic Development Observation (Calibrated to GCC Chronic Hotspot Trigger Thresholds)
EVT_2023_MICHAUNG,HS07,2023-12-03T06:00,4.6,8.9,13.4,11.3,False,0.0,Moderate,CELL_PRM_01,True,Proxy/Synthetic Development Observation (Calibrated to GCC Chronic Hotspot Trigger Thresholds)
EVT_2023_MICHAUNG,HS07,2023-12-03T07:00,3.4,5.5,18.5,15.9,False,0.0,Moderate,CELL_PRM_01,True,Proxy/Synthetic Development Observation (Calibrated to GCC Chronic Hotspot Trigger Thresholds)
EVT_2023_MICHAUNG,HS07,2023-12-03T08:00,0.9,3.5,20.8,19.3,False,0.0,Moderate,CELL_PRM_01,True,Proxy/Synthetic Development Observation (Calibrated to GCC Chronic Hotspot Trigger Thresholds)
EVT_2023_MICHAUNG,HS07,2023-12-03T09:00,1.2,4.5,20.7,20.2,False,0.0,Moderate,CELL_PRM_01,True,Proxy/Synthetic Development Observation (Calibrated to GCC Chronic Hotspot Trigger Thresholds)
EVT_2023_MICHAUNG,HS07,2023-12-03T10:00,1.4,13.0,20.7,21.4,False,0.0,Moderate,CELL_PRM_01,True,Proxy/Synthetic Development Observation (Calibrated to GCC Chronic Hotspot Trigger Thresholds)
EVT_2023_MICHAUNG,HS07,2023-12-03T11:00,1.9,17.3,19.6,22.8,False,0.0,Moderate,CELL_PRM_01,True,Proxy/Synthetic Development Observation (Calibrated to GCC Chronic Hotspot Trigger Thresholds)
EVT_2023_MICHAUNG,HS07,2023-12-03T12:00,9.7,16.2,19.1,24.7,False,0.0,Moderate,CELL_PRM_01,True,Proxy/Synthetic Development Observation (Calibrated to GCC Chronic Hotspot Trigger Thresholds)
EVT_2023_MICHAUNG,HS07,2023-12-03T13:00,5.7,7.7,11.6,34.4,False,0.0,Moderate,CELL_PRM_01,True,Proxy/Synthetic Development Observation (Calibrated to GCC Chronic Hotspot Trigger Thresholds)
EVT_2023_MICHAUNG,HS07,2023-12-03T14:00,0.8,2.3,7.2,40.1,False,0.0,Low,CELL_PRM_01,True,Proxy/Synthetic Development Observation (Calibrated to GCC Chronic Hotspot Trigger Thresholds)
EVT_2023_MICHAUNG,HS07,2023-12-03T15:00,1.2,2.9,7.4,40.9,False,0.0,Low,CELL_PRM_01,True,Proxy/Synthetic Development Observation (Calibrated to GCC Chronic Hotspot Trigger Thresholds)
EVT_2023_MICHAUNG,HS07,2023-12-03T16:00,0.3,3.9,7.4,42.1,False,0.0,Low,CELL_PRM_01,True,Proxy/Synthetic Development Observation (Calibrated to GCC Chronic Hotspot Trigger Thresholds)
EVT_2023_MICHAUNG,HS07,2023-12-03T17:00,1.4,4.9,9.4,42.4,False,0.0,Low,CELL_PRM_01,True,Proxy/Synthetic Development Observation (Calibrated to GCC Chronic Hotspot Trigger Thresholds)
EVT_2023_MICHAUNG,HS07,2023-12-03T18:00,2.2,4.5,10.2,43.8,False,0.0,Moderate,CELL_PRM_01,True,Proxy/Synthetic Development Observation (Calibrated to GCC Chronic Hotspot Trigger Thresholds)
EVT_2023_MICHAUNG,HS07,2023-12-03T19:00,1.3,3.5,12.3,46.0,False,0.0,Moderate,CELL_PRM_01,True,Proxy/Synthetic Development Observation (Calibrated to GCC Chronic Hotspot Trigger Thresholds)
EVT_2023_MICHAUNG,HS07,2023-12-03T20:00,1.0,4.5,13.6,47.3,False,0.0,Moderate,CELL_PRM_01,True,Proxy/Synthetic Development Observation (Calibrated to GCC Chronic Hotspot Trigger Thresholds)
EVT_2023_MICHAUNG,HS07,2023-12-03T21:00,1.2,5.7,16.0,48.3,False,0.0,Moderate,CELL_PRM_01,True,Proxy/Synthetic Development Observation (Calibrated to GCC Chronic Hotspot Trigger Thresholds)
EVT_2023_MICHAUNG,HS07,2023-12-03T22:00,2.3,8.8,17.4,49.5,False,0.0,Moderate,CELL_PRM_01,True,Proxy/Synthetic Development Observation (Calibrated to GCC Chronic Hotspot Trigger Thresholds)
EVT_2023_MICHAUNG,HS07,2023-12-03T23:00,2.2,9.1,17.3,51.8,False,0.0,Moderate,CELL_PRM_01,True,Proxy/Synthetic Development Observation (Calibrated to GCC Chronic Hotspot Trigger Thresholds)
EVT_2023_MICHAUNG,HS07,2023-12-04T00:00,4.3,10.3,20.1,54.0,False,0.0,Moderate,CELL_PRM_01,True,Proxy/Synthetic Development Observation (Calibrated to GCC Chronic Hotspot Trigger Thresholds)
EVT_2023_MICHAUNG,HS07,2023-12-04T01:00,2.6,8.6,34.0,55.8,False,0.0,Moderate,CELL_PRM_01,True,Proxy/Synthetic Development Observation (Calibrated to GCC Chronic Hotspot Trigger Thresholds)
EVT_2023_MICHAUNG,HS07,2023-12-04T02:00,3.4,8.2,57.5,57.4,True,1.95,Severe,CELL_PRM_01,True,Proxy/Synthetic Development Observation (Calibrated to GCC Chronic Hotspot Trigger Thresholds)
EVT_2023_MICHAUNG,HS07,2023-12-04T03:00,2.6,9.8,75.6,58.7,True,2.04,Severe,CELL_PRM_01,True,Proxy/Synthetic Development Observation (Calibrated to GCC Chronic Hotspot Trigger Thresholds)
EVT_2023_MICHAUNG,HS07,2023-12-04T04:00,2.2,25.4,85.9,59.4,True,2.04,Severe,CELL_PRM_01,True,Proxy/Synthetic Development Observation (Calibrated to GCC Chronic Hotspot Trigger Thresholds)
EVT_2023_MICHAUNG,HS07,2023-12-04T05:00,5.0,49.3,92.4,59.6,True,2.04,Severe,CELL_PRM_01,True,Proxy/Synthetic Development Observation (Calibrated to GCC Chronic Hotspot Trigger Thresholds)
EVT_2023_MICHAUNG,HS07,2023-12-04T06:00,18.2,65.8,94.1,62.8,True,2.04,Severe,CELL_PRM_01,True,Proxy/Synthetic Development Observation (Calibrated to GCC Chronic Hotspot Trigger Thresholds)
EVT_2023_MICHAUNG,HS07,2023-12-04T07:00,26.1,60.5,89.7,76.4,True,2.04,Severe,CELL_PRM_01,True,Proxy/Synthetic Development Observation (Calibrated to GCC Chronic Hotspot Trigger Thresholds)
EVT_2023_MICHAUNG,HS07,2023-12-04T08:00,21.5,43.1,70.5,99.1,True,2.04,Severe,CELL_PRM_01,True,Proxy/Synthetic Development Observation (Calibrated to GCC Chronic Hotspot Trigger Thresholds)
EVT_2023_MICHAUNG,HS07,2023-12-04T09:00,12.9,28.3,57.7,119.7,True,1.96,Severe,CELL_PRM_01,True,Proxy/Synthetic Development Observation (Calibrated to GCC Chronic Hotspot Trigger Thresholds)
EVT_2023_MICHAUNG,HS07,2023-12-04T10:00,8.7,29.2,61.1,131.4,True,2.04,Severe,CELL_PRM_01,True,Proxy/Synthetic Development Observation (Calibrated to GCC Chronic Hotspot Trigger Thresholds)
EVT_2023_MICHAUNG,HS07,2023-12-04T11:00,6.7,27.4,66.8,138.7,True,2.04,Severe,CELL_PRM_01,True,Proxy/Synthetic Development Observation (Calibrated to GCC Chronic Hotspot Trigger Thresholds)
EVT_2023_MICHAUNG,HS07,2023-12-04T12:00,13.8,29.4,67.6,143.5,True,2.04,Severe,CELL_PRM_01,True,Proxy/Synthetic Development Observation (Calibrated to GCC Chronic Hotspot Trigger Thresholds)
EVT_2023_MICHAUNG,HS07,2023-12-04T13:00,6.9,31.9,73.0,147.6,True,2.04,Severe,CELL_PRM_01,True,Proxy/Synthetic Development Observation (Calibrated to GCC Chronic Hotspot Trigger Thresholds)
EVT_2023_MICHAUNG,HS07,2023-12-04T14:00,8.7,39.4,84.1,148.8,True,2.04,Severe,CELL_PRM_01,True,Proxy/Synthetic Development Observation (Calibrated to GCC Chronic Hotspot Trigger Thresholds)
EVT_2023_MICHAUNG,HS07,2023-12-04T15:00,16.3,38.2,92.0,156.7,True,2.04,Severe,CELL_PRM_01,True,Proxy/Synthetic Development Observation (Calibrated to GCC Chronic Hotspot Trigger Thresholds)
EVT_2023_MICHAUNG,HS07,2023-12-04T16:00,14.4,41.1,83.7,171.8,True,2.04,Severe,CELL_PRM_01,True,Proxy/Synthetic Development Observation (Calibrated to GCC Chronic Hotspot Trigger Thresholds)
EVT_2023_MICHAUNG,HS07,2023-12-04T17:00,7.5,44.7,76.4,185.9,True,2.04,Severe,CELL_PRM_01,True,Proxy/Synthetic Development Observation (Calibrated to GCC Chronic Hotspot Trigger Thresholds)
EVT_2023_MICHAUNG,HS07,2023-12-04T18:00,19.2,53.8,74.0,192.0,True,2.04,Severe,CELL_PRM_01,True,Proxy/Synthetic Development Observation (Calibrated to GCC Chronic Hotspot Trigger Thresholds)
EVT_2023_MICHAUNG,HS07,2023-12-04T19:00,18.0,42.6,60.6,209.0,True,2.04,Severe,CELL_PRM_01,True,Proxy/Synthetic Development Observation (Calibrated to GCC Chronic Hotspot Trigger Thresholds)
EVT_2023_MICHAUNG,HS07,2023-12-04T20:00,16.6,31.7,46.5,225.7,True,1.58,Severe,CELL_PRM_01,True,Proxy/Synthetic Development Observation (Calibrated to GCC Chronic Hotspot Trigger Thresholds)
EVT_2023_MICHAUNG,HS07,2023-12-04T21:00,8.0,20.2,34.1,241.3,False,0.0,Moderate,CELL_PRM_01,True,Proxy/Synthetic Development Observation (Calibrated to GCC Chronic Hotspot Trigger Thresholds)
EVT_2023_MICHAUNG,HS07,2023-12-04T22:00,7.1,18.0,26.4,248.1,False,0.0,Moderate,CELL_PRM_01,True,Proxy/Synthetic Development Observation (Calibrated to GCC Chronic Hotspot Trigger Thresholds)
EVT_2023_MICHAUNG,HS07,2023-12-04T23:00,5.1,14.8,19.3,252.9,False,0.0,Moderate,CELL_PRM_01,True,Proxy/Synthetic Development Observation (Calibrated to GCC Chronic Hotspot Trigger Thresholds)
EVT_2023_MICHAUNG,HS07,2023-12-05T00:00,5.8,13.9,14.2,255.8,False,0.0,Moderate,CELL_PRM_01,True,Proxy/Synthetic Development Observation (Calibrated to GCC Chronic Hotspot Trigger Thresholds)
EVT_2023_MICHAUNG,HS07,2023-12-05T01:00,3.9,8.4,8.4,257.3,False,0.0,Low,CELL_PRM_01,True,Proxy/Synthetic Development Observation (Calibrated to GCC Chronic Hotspot Trigger Thresholds)
EVT_2023_MICHAUNG,HS07,2023-12-05T02:00,4.2,4.5,4.5,258.6,False,0.0,Low,CELL_PRM_01,True,Proxy/Synthetic Development Observation (Calibrated to GCC Chronic Hotspot Trigger Thresholds)
EVT_2023_MICHAUNG,HS07,2023-12-05T03:00,0.3,0.3,0.3,259.4,False,0.0,Low,CELL_PRM_01,True,Proxy/Synthetic Development Observation (Calibrated to GCC Chronic Hotspot Trigger Thresholds)
EVT_2023_MICHAUNG,HS07,2023-12-05T04:00,0.0,0.0,0.0,257.1,False,0.0,Low,CELL_PRM_01,True,Proxy/Synthetic Development Observation (Calibrated to GCC Chronic Hotspot Trigger Thresholds)
EVT_2023_MICHAUNG,HS07,2023-12-05T05:00,0.0,0.0,0.0,254.9,False,0.0,Low,CELL_PRM_01,True,Proxy/Synthetic Development Observation (Calibrated to GCC Chronic Hotspot Trigger Thresholds)
EVT_2023_MICHAUNG,HS07,2023-12-05T06:00,0.0,0.0,0.0,249.9,False,0.0,Low,CELL_PRM_01,True,Proxy/Synthetic Development Observation (Calibrated to GCC Chronic Hotspot Trigger Thresholds)
EVT_2023_MICHAUNG,HS07,2023-12-05T07:00,0.0,0.0,0.0,231.7,False,0.0,Low,CELL_PRM_01,True,Proxy/Synthetic Development Observation (Calibrated to GCC Chronic Hotspot Trigger Thresholds)
EVT_2023_MICHAUNG,HS07,2023-12-05T08:00,0.0,0.0,0.0,205.6,False,0.0,Low,CELL_PRM_01,True,Proxy/Synthetic Development Observation (Calibrated to GCC Chronic Hotspot Trigger Thresholds)
EVT_2023_MICHAUNG,HS07,2023-12-05T09:00,0.0,0.0,0.0,184.1,False,0.0,Low,CELL_PRM_01,True,Proxy/Synthetic Development Observation (Calibrated to GCC Chronic Hotspot Trigger Thresholds)
EVT_2023_MICHAUNG,HS07,2023-12-05T10:00,0.0,0.0,0.0,171.2,False,0.0,Low,CELL_PRM_01,True,Proxy/Synthetic Development Observation (Calibrated to GCC Chronic Hotspot Trigger Thresholds)
EVT_2023_MICHAUNG,HS07,2023-12-05T11:00,0.0,0.0,0.1,162.5,False,0.0,Low,CELL_PRM_01,True,Proxy/Synthetic Development Observation (Calibrated to GCC Chronic Hotspot Trigger Thresholds)
EVT_2023_MICHAUNG,HS07,2023-12-05T12:00,0.0,0.0,0.1,155.8,False,0.0,Low,CELL_PRM_01,True,Proxy/Synthetic Development Observation (Calibrated to GCC Chronic Hotspot Trigger Thresholds)
EVT_2023_MICHAUNG,HS07,2023-12-05T13:00,0.0,0.0,0.1,142.0,False,0.0,Low,CELL_PRM_01,True,Proxy/Synthetic Development Observation (Calibrated to GCC Chronic Hotspot Trigger Thresholds)
EVT_2023_MICHAUNG,HS07,2023-12-05T14:00,0.0,0.1,0.1,135.1,False,0.0,Low,CELL_PRM_01,True,Proxy/Synthetic Development Observation (Calibrated to GCC Chronic Hotspot Trigger Thresholds)
EVT_2023_MICHAUNG,HS07,2023-12-05T15:00,0.0,0.1,0.1,126.4,False,0.0,Low,CELL_PRM_01,True,Proxy/Synthetic Development Observation (Calibrated to GCC Chronic Hotspot Trigger Thresholds)
EVT_2023_MICHAUNG,HS07,2023-12-05T16:00,0.1,0.1,0.1,110.1,False,0.0,Low,CELL_PRM_01,True,Proxy/Synthetic Development Observation (Calibrated to GCC Chronic Hotspot Trigger Thresholds)
EVT_2023_MICHAUNG,HS07,2023-12-05T17:00,0.0,0.0,0.0,95.8,False,0.0,Low,CELL_PRM_01,True,Proxy/Synthetic Development Observation (Calibrated to GCC Chronic Hotspot Trigger Thresholds)
EVT_2023_MICHAUNG,HS07,2023-12-05T18:00,0.0,0.0,0.0,88.3,False,0.0,Low,CELL_PRM_01,True,Proxy/Synthetic Development Observation (Calibrated to GCC Chronic Hotspot Trigger Thresholds)
EVT_2023_MICHAUNG,HS07,2023-12-05T19:00,0.0,0.0,0.0,69.1,False,0.0,Low,CELL_PRM_01,True,Proxy/Synthetic Development Observation (Calibrated to GCC Chronic Hotspot Trigger Thresholds)
EVT_2023_MICHAUNG,HS07,2023-12-05T20:00,0.0,0.0,0.0,51.1,False,0.0,Low,CELL_PRM_01,True,Proxy/Synthetic Development Observation (Calibrated to GCC Chronic Hotspot Trigger Thresholds)
EVT_2023_MICHAUNG,HS07,2023-12-05T21:00,0.0,0.0,0.0,34.5,False,0.0,Low,CELL_PRM_01,True,Proxy/Synthetic Development Observation (Calibrated to GCC Chronic Hotspot Trigger Thresholds)
EVT_2023_MICHAUNG,HS07,2023-12-05T22:00,0.0,0.0,0.0,26.5,False,0.0,Low,CELL_PRM_01,True,Proxy/Synthetic Development Observation (Calibrated to GCC Chronic Hotspot Trigger Thresholds)
EVT_2023_MICHAUNG,HS07,2023-12-05T23:00,0.0,0.0,0.0,19.4,False,0.0,Low,CELL_PRM_01,True,Proxy/Synthetic Development Observation (Calibrated to GCC Chronic Hotspot Trigger Thresholds)
EVT_2023_MICHAUNG,HS08,2023-12-03T00:00,2.5,5.6,11.3,0,False,0.0,Low,CELL_KYM_01,True,Proxy/Synthetic Development Observation (Calibrated to GCC Chronic Hotspot Trigger Thresholds)
EVT_2023_MICHAUNG,HS08,2023-12-03T01:00,1.0,5.0,13.4,2.5,False,0.0,Moderate,CELL_KYM_01,True,Proxy/Synthetic Development Observation (Calibrated to GCC Chronic Hotspot Trigger Thresholds)
EVT_2023_MICHAUNG,HS08,2023-12-03T02:00,2.1,6.0,15.8,3.5,False,0.0,Moderate,CELL_KYM_01,True,Proxy/Synthetic Development Observation (Calibrated to GCC Chronic Hotspot Trigger Thresholds)
EVT_2023_MICHAUNG,HS08,2023-12-03T03:00,1.9,5.7,14.6,5.6,False,0.0,Moderate,CELL_KYM_01,True,Proxy/Synthetic Development Observation (Calibrated to GCC Chronic Hotspot Trigger Thresholds)
EVT_2023_MICHAUNG,HS08,2023-12-03T04:00,2.0,8.4,13.9,7.5,False,0.0,Moderate,CELL_KYM_01,True,Proxy/Synthetic Development Observation (Calibrated to GCC Chronic Hotspot Trigger Thresholds)
EVT_2023_MICHAUNG,HS08,2023-12-03T05:00,1.8,9.8,13.3,9.5,False,0.0,Moderate,CELL_KYM_01,True,Proxy/Synthetic Development Observation (Calibrated to GCC Chronic Hotspot Trigger Thresholds)
EVT_2023_MICHAUNG,HS08,2023-12-03T06:00,4.6,8.9,13.4,11.3,False,0.0,Moderate,CELL_KYM_01,True,Proxy/Synthetic Development Observation (Calibrated to GCC Chronic Hotspot Trigger Thresholds)
EVT_2023_MICHAUNG,HS08,2023-12-03T07:00,3.4,5.5,18.5,15.9,False,0.0,Moderate,CELL_KYM_01,True,Proxy/Synthetic Development Observation (Calibrated to GCC Chronic Hotspot Trigger Thresholds)
EVT_2023_MICHAUNG,HS08,2023-12-03T08:00,0.9,3.5,20.8,19.3,False,0.0,Moderate,CELL_KYM_01,True,Proxy/Synthetic Development Observation (Calibrated to GCC Chronic Hotspot Trigger Thresholds)
EVT_2023_MICHAUNG,HS08,2023-12-03T09:00,1.2,4.5,20.7,20.2,False,0.0,Moderate,CELL_KYM_01,True,Proxy/Synthetic Development Observation (Calibrated to GCC Chronic Hotspot Trigger Thresholds)
EVT_2023_MICHAUNG,HS08,2023-12-03T10:00,1.4,13.0,20.7,21.4,False,0.0,Moderate,CELL_KYM_01,True,Proxy/Synthetic Development Observation (Calibrated to GCC Chronic Hotspot Trigger Thresholds)
EVT_2023_MICHAUNG,HS08,2023-12-03T11:00,1.9,17.3,19.6,22.8,False,0.0,Moderate,CELL_KYM_01,True,Proxy/Synthetic Development Observation (Calibrated to GCC Chronic Hotspot Trigger Thresholds)
EVT_2023_MICHAUNG,HS08,2023-12-03T12:00,9.7,16.2,19.1,24.7,False,0.0,Moderate,CELL_KYM_01,True,Proxy/Synthetic Development Observation (Calibrated to GCC Chronic Hotspot Trigger Thresholds)
EVT_2023_MICHAUNG,HS08,2023-12-03T13:00,5.7,7.7,11.6,34.4,False,0.0,Low,CELL_KYM_01,True,Proxy/Synthetic Development Observation (Calibrated to GCC Chronic Hotspot Trigger Thresholds)
EVT_2023_MICHAUNG,HS08,2023-12-03T14:00,0.8,2.3,7.2,40.1,False,0.0,Low,CELL_KYM_01,True,Proxy/Synthetic Development Observation (Calibrated to GCC Chronic Hotspot Trigger Thresholds)
EVT_2023_MICHAUNG,HS08,2023-12-03T15:00,1.2,2.9,7.4,40.9,False,0.0,Low,CELL_KYM_01,True,Proxy/Synthetic Development Observation (Calibrated to GCC Chronic Hotspot Trigger Thresholds)
EVT_2023_MICHAUNG,HS08,2023-12-03T16:00,0.3,3.9,7.4,42.1,False,0.0,Low,CELL_KYM_01,True,Proxy/Synthetic Development Observation (Calibrated to GCC Chronic Hotspot Trigger Thresholds)
EVT_2023_MICHAUNG,HS08,2023-12-03T17:00,1.4,4.9,9.4,42.4,False,0.0,Low,CELL_KYM_01,True,Proxy/Synthetic Development Observation (Calibrated to GCC Chronic Hotspot Trigger Thresholds)
EVT_2023_MICHAUNG,HS08,2023-12-03T18:00,2.2,4.5,10.2,43.8,False,0.0,Low,CELL_KYM_01,True,Proxy/Synthetic Development Observation (Calibrated to GCC Chronic Hotspot Trigger Thresholds)
EVT_2023_MICHAUNG,HS08,2023-12-03T19:00,1.3,3.5,12.3,46.0,False,0.0,Low,CELL_KYM_01,True,Proxy/Synthetic Development Observation (Calibrated to GCC Chronic Hotspot Trigger Thresholds)
EVT_2023_MICHAUNG,HS08,2023-12-03T20:00,1.0,4.5,13.6,47.3,False,0.0,Moderate,CELL_KYM_01,True,Proxy/Synthetic Development Observation (Calibrated to GCC Chronic Hotspot Trigger Thresholds)
EVT_2023_MICHAUNG,HS08,2023-12-03T21:00,1.2,5.7,16.0,48.3,False,0.0,Moderate,CELL_KYM_01,True,Proxy/Synthetic Development Observation (Calibrated to GCC Chronic Hotspot Trigger Thresholds)
EVT_2023_MICHAUNG,HS08,2023-12-03T22:00,2.3,8.8,17.4,49.5,False,0.0,Moderate,CELL_KYM_01,True,Proxy/Synthetic Development Observation (Calibrated to GCC Chronic Hotspot Trigger Thresholds)
EVT_2023_MICHAUNG,HS08,2023-12-03T23:00,2.2,9.1,17.3,51.8,False,0.0,Moderate,CELL_KYM_01,True,Proxy/Synthetic Development Observation (Calibrated to GCC Chronic Hotspot Trigger Thresholds)
EVT_2023_MICHAUNG,HS08,2023-12-04T00:00,4.3,10.3,20.1,54.0,False,0.0,Moderate,CELL_KYM_01,True,Proxy/Synthetic Development Observation (Calibrated to GCC Chronic Hotspot Trigger Thresholds)
EVT_2023_MICHAUNG,HS08,2023-12-04T01:00,2.6,8.6,34.0,55.8,False,0.0,Moderate,CELL_KYM_01,True,Proxy/Synthetic Development Observation (Calibrated to GCC Chronic Hotspot Trigger Thresholds)
EVT_2023_MICHAUNG,HS08,2023-12-04T02:00,3.4,8.2,57.5,57.4,False,0.0,Moderate,CELL_KYM_01,True,Proxy/Synthetic Development Observation (Calibrated to GCC Chronic Hotspot Trigger Thresholds)
EVT_2023_MICHAUNG,HS08,2023-12-04T03:00,2.6,9.8,75.6,58.7,True,1.56,Severe,CELL_KYM_01,True,Proxy/Synthetic Development Observation (Calibrated to GCC Chronic Hotspot Trigger Thresholds)
EVT_2023_MICHAUNG,HS08,2023-12-04T04:00,2.2,25.4,85.9,59.4,True,1.56,Severe,CELL_KYM_01,True,Proxy/Synthetic Development Observation (Calibrated to GCC Chronic Hotspot Trigger Thresholds)
EVT_2023_MICHAUNG,HS08,2023-12-04T05:00,5.0,49.3,92.4,59.6,True,1.56,Severe,CELL_KYM_01,True,Proxy/Synthetic Development Observation (Calibrated to GCC Chronic Hotspot Trigger Thresholds)
EVT_2023_MICHAUNG,HS08,2023-12-04T06:00,18.2,65.8,94.1,62.8,True,1.56,Severe,CELL_KYM_01,True,Proxy/Synthetic Development Observation (Calibrated to GCC Chronic Hotspot Trigger Thresholds)
EVT_2023_MICHAUNG,HS08,2023-12-04T07:00,26.1,60.5,89.7,76.4,True,1.56,Severe,CELL_KYM_01,True,Proxy/Synthetic Development Observation (Calibrated to GCC Chronic Hotspot Trigger Thresholds)
EVT_2023_MICHAUNG,HS08,2023-12-04T08:00,21.5,43.1,70.5,99.1,True,1.53,Severe,CELL_KYM_01,True,Proxy/Synthetic Development Observation (Calibrated to GCC Chronic Hotspot Trigger Thresholds)
EVT_2023_MICHAUNG,HS08,2023-12-04T09:00,12.9,28.3,57.7,119.7,False,0.0,Moderate,CELL_KYM_01,True,Proxy/Synthetic Development Observation (Calibrated to GCC Chronic Hotspot Trigger Thresholds)
EVT_2023_MICHAUNG,HS08,2023-12-04T10:00,8.7,29.2,61.1,131.4,True,1.32,Severe,CELL_KYM_01,True,Proxy/Synthetic Development Observation (Calibrated to GCC Chronic Hotspot Trigger Thresholds)
EVT_2023_MICHAUNG,HS08,2023-12-04T11:00,6.7,27.4,66.8,138.7,True,1.45,Severe,CELL_KYM_01,True,Proxy/Synthetic Development Observation (Calibrated to GCC Chronic Hotspot Trigger Thresholds)
EVT_2023_MICHAUNG,HS08,2023-12-04T12:00,13.8,29.4,67.6,143.5,True,1.46,Severe,CELL_KYM_01,True,Proxy/Synthetic Development Observation (Calibrated to GCC Chronic Hotspot Trigger Thresholds)
EVT_2023_MICHAUNG,HS08,2023-12-04T13:00,6.9,31.9,73.0,147.6,True,1.56,Severe,CELL_KYM_01,True,Proxy/Synthetic Development Observation (Calibrated to GCC Chronic Hotspot Trigger Thresholds)
EVT_2023_MICHAUNG,HS08,2023-12-04T14:00,8.7,39.4,84.1,148.8,True,1.56,Severe,CELL_KYM_01,True,Proxy/Synthetic Development Observation (Calibrated to GCC Chronic Hotspot Trigger Thresholds)
EVT_2023_MICHAUNG,HS08,2023-12-04T15:00,16.3,38.2,92.0,156.7,True,1.56,Severe,CELL_KYM_01,True,Proxy/Synthetic Development Observation (Calibrated to GCC Chronic Hotspot Trigger Thresholds)
EVT_2023_MICHAUNG,HS08,2023-12-04T16:00,14.4,41.1,83.7,171.8,True,1.56,Severe,CELL_KYM_01,True,Proxy/Synthetic Development Observation (Calibrated to GCC Chronic Hotspot Trigger Thresholds)
EVT_2023_MICHAUNG,HS08,2023-12-04T17:00,7.5,44.7,76.4,185.9,True,1.56,Severe,CELL_KYM_01,True,Proxy/Synthetic Development Observation (Calibrated to GCC Chronic Hotspot Trigger Thresholds)
EVT_2023_MICHAUNG,HS08,2023-12-04T18:00,19.2,53.8,74.0,192.0,True,1.56,Severe,CELL_KYM_01,True,Proxy/Synthetic Development Observation (Calibrated to GCC Chronic Hotspot Trigger Thresholds)
EVT_2023_MICHAUNG,HS08,2023-12-04T19:00,18.0,42.6,60.6,209.0,True,1.31,Severe,CELL_KYM_01,True,Proxy/Synthetic Development Observation (Calibrated to GCC Chronic Hotspot Trigger Thresholds)
EVT_2023_MICHAUNG,HS08,2023-12-04T20:00,16.6,31.7,46.5,225.7,False,0.0,Moderate,CELL_KYM_01,True,Proxy/Synthetic Development Observation (Calibrated to GCC Chronic Hotspot Trigger Thresholds)
EVT_2023_MICHAUNG,HS08,2023-12-04T21:00,8.0,20.2,34.1,241.3,False,0.0,Moderate,CELL_KYM_01,True,Proxy/Synthetic Development Observation (Calibrated to GCC Chronic Hotspot Trigger Thresholds)
EVT_2023_MICHAUNG,HS08,2023-12-04T22:00,7.1,18.0,26.4,248.1,False,0.0,Moderate,CELL_KYM_01,True,Proxy/Synthetic Development Observation (Calibrated to GCC Chronic Hotspot Trigger Thresholds)
EVT_2023_MICHAUNG,HS08,2023-12-04T23:00,5.1,14.8,19.3,252.9,False,0.0,Moderate,CELL_KYM_01,True,Proxy/Synthetic Development Observation (Calibrated to GCC Chronic Hotspot Trigger Thresholds)
EVT_2023_MICHAUNG,HS08,2023-12-05T00:00,5.8,13.9,14.2,255.8,False,0.0,Moderate,CELL_KYM_01,True,Proxy/Synthetic Development Observation (Calibrated to GCC Chronic Hotspot Trigger Thresholds)
EVT_2023_MICHAUNG,HS08,2023-12-05T01:00,3.9,8.4,8.4,257.3,False,0.0,Low,CELL_KYM_01,True,Proxy/Synthetic Development Observation (Calibrated to GCC Chronic Hotspot Trigger Thresholds)
EVT_2023_MICHAUNG,HS08,2023-12-05T02:00,4.2,4.5,4.5,258.6,False,0.0,Low,CELL_KYM_01,True,Proxy/Synthetic Development Observation (Calibrated to GCC Chronic Hotspot Trigger Thresholds)
EVT_2023_MICHAUNG,HS08,2023-12-05T03:00,0.3,0.3,0.3,259.4,False,0.0,Low,CELL_KYM_01,True,Proxy/Synthetic Development Observation (Calibrated to GCC Chronic Hotspot Trigger Thresholds)
EVT_2023_MICHAUNG,HS08,2023-12-05T04:00,0.0,0.0,0.0,257.1,False,0.0,Low,CELL_KYM_01,True,Proxy/Synthetic Development Observation (Calibrated to GCC Chronic Hotspot Trigger Thresholds)
EVT_2023_MICHAUNG,HS08,2023-12-05T05:00,0.0,0.0,0.0,254.9,False,0.0,Low,CELL_KYM_01,True,Proxy/Synthetic Development Observation (Calibrated to GCC Chronic Hotspot Trigger Thresholds)
EVT_2023_MICHAUNG,HS08,2023-12-05T06:00,0.0,0.0,0.0,249.9,False,0.0,Low,CELL_KYM_01,True,Proxy/Synthetic Development Observation (Calibrated to GCC Chronic Hotspot Trigger Thresholds)
EVT_2023_MICHAUNG,HS08,2023-12-05T07:00,0.0,0.0,0.0,231.7,False,0.0,Low,CELL_KYM_01,True,Proxy/Synthetic Development Observation (Calibrated to GCC Chronic Hotspot Trigger Thresholds)
EVT_2023_MICHAUNG,HS08,2023-12-05T08:00,0.0,0.0,0.0,205.6,False,0.0,Low,CELL_KYM_01,True,Proxy/Synthetic Development Observation (Calibrated to GCC Chronic Hotspot Trigger Thresholds)
EVT_2023_MICHAUNG,HS08,2023-12-05T09:00,0.0,0.0,0.0,184.1,False,0.0,Low,CELL_KYM_01,True,Proxy/Synthetic Development Observation (Calibrated to GCC Chronic Hotspot Trigger Thresholds)
EVT_2023_MICHAUNG,HS08,2023-12-05T10:00,0.0,0.0,0.0,171.2,False,0.0,Low,CELL_KYM_01,True,Proxy/Synthetic Development Observation (Calibrated to GCC Chronic Hotspot Trigger Thresholds)
EVT_2023_MICHAUNG,HS08,2023-12-05T11:00,0.0,0.0,0.1,162.5,False,0.0,Low,CELL_KYM_01,True,Proxy/Synthetic Development Observation (Calibrated to GCC Chronic Hotspot Trigger Thresholds)
EVT_2023_MICHAUNG,HS08,2023-12-05T12:00,0.0,0.0,0.1,155.8,False,0.0,Low,CELL_KYM_01,True,Proxy/Synthetic Development Observation (Calibrated to GCC Chronic Hotspot Trigger Thresholds)
EVT_2023_MICHAUNG,HS08,2023-12-05T13:00,0.0,0.0,0.1,142.0,False,0.0,Low,CELL_KYM_01,True,Proxy/Synthetic Development Observation (Calibrated to GCC Chronic Hotspot Trigger Thresholds)
EVT_2023_MICHAUNG,HS08,2023-12-05T14:00,0.0,0.1,0.1,135.1,False,0.0,Low,CELL_KYM_01,True,Proxy/Synthetic Development Observation (Calibrated to GCC Chronic Hotspot Trigger Thresholds)
EVT_2023_MICHAUNG,HS08,2023-12-05T15:00,0.0,0.1,0.1,126.4,False,0.0,Low,CELL_KYM_01,True,Proxy/Synthetic Development Observation (Calibrated to GCC Chronic Hotspot Trigger Thresholds)
EVT_2023_MICHAUNG,HS08,2023-12-05T16:00,0.1,0.1,0.1,110.1,False,0.0,Low,CELL_KYM_01,True,Proxy/Synthetic Development Observation (Calibrated to GCC Chronic Hotspot Trigger Thresholds)
EVT_2023_MICHAUNG,HS08,2023-12-05T17:00,0.0,0.0,0.0,95.8,False,0.0,Low,CELL_KYM_01,True,Proxy/Synthetic Development Observation (Calibrated to GCC Chronic Hotspot Trigger Thresholds)
EVT_2023_MICHAUNG,HS08,2023-12-05T18:00,0.0,0.0,0.0,88.3,False,0.0,Low,CELL_KYM_01,True,Proxy/Synthetic Development Observation (Calibrated to GCC Chronic Hotspot Trigger Thresholds)
EVT_2023_MICHAUNG,HS08,2023-12-05T19:00,0.0,0.0,0.0,69.1,False,0.0,Low,CELL_KYM_01,True,Proxy/Synthetic Development Observation (Calibrated to GCC Chronic Hotspot Trigger Thresholds)
EVT_2023_MICHAUNG,HS08,2023-12-05T20:00,0.0,0.0,0.0,51.1,False,0.0,Low,CELL_KYM_01,True,Proxy/Synthetic Development Observation (Calibrated to GCC Chronic Hotspot Trigger Thresholds)
EVT_2023_MICHAUNG,HS08,2023-12-05T21:00,0.0,0.0,0.0,34.5,False,0.0,Low,CELL_KYM_01,True,Proxy/Synthetic Development Observation (Calibrated to GCC Chronic Hotspot Trigger Thresholds)
EVT_2023_MICHAUNG,HS08,2023-12-05T22:00,0.0,0.0,0.0,26.5,False,0.0,Low,CELL_KYM_01,True,Proxy/Synthetic Development Observation (Calibrated to GCC Chronic Hotspot Trigger Thresholds)
EVT_2023_MICHAUNG,HS08,2023-12-05T23:00,0.0,0.0,0.0,19.4,False,0.0,Low,CELL_KYM_01,True,Proxy/Synthetic Development Observation (Calibrated to GCC Chronic Hotspot Trigger Thresholds)
EVT_2023_MICHAUNG,HS09,2023-12-03T00:00,2.5,5.6,11.3,0,False,0.0,Low,CELL_MNP_01,True,Proxy/Synthetic Development Observation (Calibrated to GCC Chronic Hotspot Trigger Thresholds)
EVT_2023_MICHAUNG,HS09,2023-12-03T01:00,1.0,5.0,13.4,2.5,False,0.0,Low,CELL_MNP_01,True,Proxy/Synthetic Development Observation (Calibrated to GCC Chronic Hotspot Trigger Thresholds)
EVT_2023_MICHAUNG,HS09,2023-12-03T02:00,2.1,6.0,15.8,3.5,False,0.0,Moderate,CELL_MNP_01,True,Proxy/Synthetic Development Observation (Calibrated to GCC Chronic Hotspot Trigger Thresholds)
EVT_2023_MICHAUNG,HS09,2023-12-03T03:00,1.9,5.7,14.6,5.6,False,0.0,Moderate,CELL_MNP_01,True,Proxy/Synthetic Development Observation (Calibrated to GCC Chronic Hotspot Trigger Thresholds)
EVT_2023_MICHAUNG,HS09,2023-12-03T04:00,2.0,8.4,13.9,7.5,False,0.0,Low,CELL_MNP_01,True,Proxy/Synthetic Development Observation (Calibrated to GCC Chronic Hotspot Trigger Thresholds)
EVT_2023_MICHAUNG,HS09,2023-12-03T05:00,1.8,9.8,13.3,9.5,False,0.0,Low,CELL_MNP_01,True,Proxy/Synthetic Development Observation (Calibrated to GCC Chronic Hotspot Trigger Thresholds)
EVT_2023_MICHAUNG,HS09,2023-12-03T06:00,4.6,8.9,13.4,11.3,False,0.0,Low,CELL_MNP_01,True,Proxy/Synthetic Development Observation (Calibrated to GCC Chronic Hotspot Trigger Thresholds)
EVT_2023_MICHAUNG,HS09,2023-12-03T07:00,3.4,5.5,18.5,15.9,False,0.0,Moderate,CELL_MNP_01,True,Proxy/Synthetic Development Observation (Calibrated to GCC Chronic Hotspot Trigger Thresholds)
EVT_2023_MICHAUNG,HS09,2023-12-03T08:00,0.9,3.5,20.8,19.3,False,0.0,Moderate,CELL_MNP_01,True,Proxy/Synthetic Development Observation (Calibrated to GCC Chronic Hotspot Trigger Thresholds)
EVT_2023_MICHAUNG,HS09,2023-12-03T09:00,1.2,4.5,20.7,20.2,False,0.0,Moderate,CELL_MNP_01,True,Proxy/Synthetic Development Observation (Calibrated to GCC Chronic Hotspot Trigger Thresholds)
EVT_2023_MICHAUNG,HS09,2023-12-03T10:00,1.4,13.0,20.7,21.4,False,0.0,Moderate,CELL_MNP_01,True,Proxy/Synthetic Development Observation (Calibrated to GCC Chronic Hotspot Trigger Thresholds)
EVT_2023_MICHAUNG,HS09,2023-12-03T11:00,1.9,17.3,19.6,22.8,False,0.0,Moderate,CELL_MNP_01,True,Proxy/Synthetic Development Observation (Calibrated to GCC Chronic Hotspot Trigger Thresholds)
EVT_2023_MICHAUNG,HS09,2023-12-03T12:00,9.7,16.2,19.1,24.7,False,0.0,Moderate,CELL_MNP_01,True,Proxy/Synthetic Development Observation (Calibrated to GCC Chronic Hotspot Trigger Thresholds)
EVT_2023_MICHAUNG,HS09,2023-12-03T13:00,5.7,7.7,11.6,34.4,False,0.0,Low,CELL_MNP_01,True,Proxy/Synthetic Development Observation (Calibrated to GCC Chronic Hotspot Trigger Thresholds)
EVT_2023_MICHAUNG,HS09,2023-12-03T14:00,0.8,2.3,7.2,40.1,False,0.0,Low,CELL_MNP_01,True,Proxy/Synthetic Development Observation (Calibrated to GCC Chronic Hotspot Trigger Thresholds)
EVT_2023_MICHAUNG,HS09,2023-12-03T15:00,1.2,2.9,7.4,40.9,False,0.0,Low,CELL_MNP_01,True,Proxy/Synthetic Development Observation (Calibrated to GCC Chronic Hotspot Trigger Thresholds)
EVT_2023_MICHAUNG,HS09,2023-12-03T16:00,0.3,3.9,7.4,42.1,False,0.0,Low,CELL_MNP_01,True,Proxy/Synthetic Development Observation (Calibrated to GCC Chronic Hotspot Trigger Thresholds)
EVT_2023_MICHAUNG,HS09,2023-12-03T17:00,1.4,4.9,9.4,42.4,False,0.0,Low,CELL_MNP_01,True,Proxy/Synthetic Development Observation (Calibrated to GCC Chronic Hotspot Trigger Thresholds)
EVT_2023_MICHAUNG,HS09,2023-12-03T18:00,2.2,4.5,10.2,43.8,False,0.0,Low,CELL_MNP_01,True,Proxy/Synthetic Development Observation (Calibrated to GCC Chronic Hotspot Trigger Thresholds)
EVT_2023_MICHAUNG,HS09,2023-12-03T19:00,1.3,3.5,12.3,46.0,False,0.0,Low,CELL_MNP_01,True,Proxy/Synthetic Development Observation (Calibrated to GCC Chronic Hotspot Trigger Thresholds)
EVT_2023_MICHAUNG,HS09,2023-12-03T20:00,1.0,4.5,13.6,47.3,False,0.0,Low,CELL_MNP_01,True,Proxy/Synthetic Development Observation (Calibrated to GCC Chronic Hotspot Trigger Thresholds)
EVT_2023_MICHAUNG,HS09,2023-12-03T21:00,1.2,5.7,16.0,48.3,False,0.0,Moderate,CELL_MNP_01,True,Proxy/Synthetic Development Observation (Calibrated to GCC Chronic Hotspot Trigger Thresholds)
EVT_2023_MICHAUNG,HS09,2023-12-03T22:00,2.3,8.8,17.4,49.5,False,0.0,Moderate,CELL_MNP_01,True,Proxy/Synthetic Development Observation (Calibrated to GCC Chronic Hotspot Trigger Thresholds)
EVT_2023_MICHAUNG,HS09,2023-12-03T23:00,2.2,9.1,17.3,51.8,False,0.0,Moderate,CELL_MNP_01,True,Proxy/Synthetic Development Observation (Calibrated to GCC Chronic Hotspot Trigger Thresholds)
EVT_2023_MICHAUNG,HS09,2023-12-04T00:00,4.3,10.3,20.1,54.0,False,0.0,Moderate,CELL_MNP_01,True,Proxy/Synthetic Development Observation (Calibrated to GCC Chronic Hotspot Trigger Thresholds)
EVT_2023_MICHAUNG,HS09,2023-12-04T01:00,2.6,8.6,34.0,55.8,False,0.0,Moderate,CELL_MNP_01,True,Proxy/Synthetic Development Observation (Calibrated to GCC Chronic Hotspot Trigger Thresholds)
EVT_2023_MICHAUNG,HS09,2023-12-04T02:00,3.4,8.2,57.5,57.4,False,0.0,Moderate,CELL_MNP_01,True,Proxy/Synthetic Development Observation (Calibrated to GCC Chronic Hotspot Trigger Thresholds)
EVT_2023_MICHAUNG,HS09,2023-12-04T03:00,2.6,9.8,75.6,58.7,True,2.56,Severe,CELL_MNP_01,True,Proxy/Synthetic Development Observation (Calibrated to GCC Chronic Hotspot Trigger Thresholds)
EVT_2023_MICHAUNG,HS09,2023-12-04T04:00,2.2,25.4,85.9,59.4,True,2.64,Severe,CELL_MNP_01,True,Proxy/Synthetic Development Observation (Calibrated to GCC Chronic Hotspot Trigger Thresholds)
EVT_2023_MICHAUNG,HS09,2023-12-04T05:00,5.0,49.3,92.4,59.6,True,2.64,Severe,CELL_MNP_01,True,Proxy/Synthetic Development Observation (Calibrated to GCC Chronic Hotspot Trigger Thresholds)
EVT_2023_MICHAUNG,HS09,2023-12-04T06:00,18.2,65.8,94.1,62.8,True,2.64,Severe,CELL_MNP_01,True,Proxy/Synthetic Development Observation (Calibrated to GCC Chronic Hotspot Trigger Thresholds)
EVT_2023_MICHAUNG,HS09,2023-12-04T07:00,26.1,60.5,89.7,76.4,True,2.64,Severe,CELL_MNP_01,True,Proxy/Synthetic Development Observation (Calibrated to GCC Chronic Hotspot Trigger Thresholds)
EVT_2023_MICHAUNG,HS09,2023-12-04T08:00,21.5,43.1,70.5,99.1,True,2.39,Severe,CELL_MNP_01,True,Proxy/Synthetic Development Observation (Calibrated to GCC Chronic Hotspot Trigger Thresholds)
EVT_2023_MICHAUNG,HS09,2023-12-04T09:00,12.9,28.3,57.7,119.7,False,0.0,Moderate,CELL_MNP_01,True,Proxy/Synthetic Development Observation (Calibrated to GCC Chronic Hotspot Trigger Thresholds)
EVT_2023_MICHAUNG,HS09,2023-12-04T10:00,8.7,29.2,61.1,131.4,False,0.0,Moderate,CELL_MNP_01,True,Proxy/Synthetic Development Observation (Calibrated to GCC Chronic Hotspot Trigger Thresholds)
EVT_2023_MICHAUNG,HS09,2023-12-04T11:00,6.7,27.4,66.8,138.7,True,2.26,Severe,CELL_MNP_01,True,Proxy/Synthetic Development Observation (Calibrated to GCC Chronic Hotspot Trigger Thresholds)
EVT_2023_MICHAUNG,HS09,2023-12-04T12:00,13.8,29.4,67.6,143.5,True,2.29,Severe,CELL_MNP_01,True,Proxy/Synthetic Development Observation (Calibrated to GCC Chronic Hotspot Trigger Thresholds)
EVT_2023_MICHAUNG,HS09,2023-12-04T13:00,6.9,31.9,73.0,147.6,True,2.47,Severe,CELL_MNP_01,True,Proxy/Synthetic Development Observation (Calibrated to GCC Chronic Hotspot Trigger Thresholds)
EVT_2023_MICHAUNG,HS09,2023-12-04T14:00,8.7,39.4,84.1,148.8,True,2.64,Severe,CELL_MNP_01,True,Proxy/Synthetic Development Observation (Calibrated to GCC Chronic Hotspot Trigger Thresholds)
EVT_2023_MICHAUNG,HS09,2023-12-04T15:00,16.3,38.2,92.0,156.7,True,2.64,Severe,CELL_MNP_01,True,Proxy/Synthetic Development Observation (Calibrated to GCC Chronic Hotspot Trigger Thresholds)
EVT_2023_MICHAUNG,HS09,2023-12-04T16:00,14.4,41.1,83.7,171.8,True,2.64,Severe,CELL_MNP_01,True,Proxy/Synthetic Development Observation (Calibrated to GCC Chronic Hotspot Trigger Thresholds)
EVT_2023_MICHAUNG,HS09,2023-12-04T17:00,7.5,44.7,76.4,185.9,True,2.59,Severe,CELL_MNP_01,True,Proxy/Synthetic Development Observation (Calibrated to GCC Chronic Hotspot Trigger Thresholds)
EVT_2023_MICHAUNG,HS09,2023-12-04T18:00,19.2,53.8,74.0,192.0,True,2.5,Severe,CELL_MNP_01,True,Proxy/Synthetic Development Observation (Calibrated to GCC Chronic Hotspot Trigger Thresholds)
EVT_2023_MICHAUNG,HS09,2023-12-04T19:00,18.0,42.6,60.6,209.0,True,2.05,Severe,CELL_MNP_01,True,Proxy/Synthetic Development Observation (Calibrated to GCC Chronic Hotspot Trigger Thresholds)
EVT_2023_MICHAUNG,HS09,2023-12-04T20:00,16.6,31.7,46.5,225.7,False,0.0,Moderate,CELL_MNP_01,True,Proxy/Synthetic Development Observation (Calibrated to GCC Chronic Hotspot Trigger Thresholds)
EVT_2023_MICHAUNG,HS09,2023-12-04T21:00,8.0,20.2,34.1,241.3,False,0.0,Moderate,CELL_MNP_01,True,Proxy/Synthetic Development Observation (Calibrated to GCC Chronic Hotspot Trigger Thresholds)
EVT_2023_MICHAUNG,HS09,2023-12-04T22:00,7.1,18.0,26.4,248.1,False,0.0,Moderate,CELL_MNP_01,True,Proxy/Synthetic Development Observation (Calibrated to GCC Chronic Hotspot Trigger Thresholds)
EVT_2023_MICHAUNG,HS09,2023-12-04T23:00,5.1,14.8,19.3,252.9,False,0.0,Moderate,CELL_MNP_01,True,Proxy/Synthetic Development Observation (Calibrated to GCC Chronic Hotspot Trigger Thresholds)
EVT_2023_MICHAUNG,HS09,2023-12-05T00:00,5.8,13.9,14.2,255.8,False,0.0,Moderate,CELL_MNP_01,True,Proxy/Synthetic Development Observation (Calibrated to GCC Chronic Hotspot Trigger Thresholds)
EVT_2023_MICHAUNG,HS09,2023-12-05T01:00,3.9,8.4,8.4,257.3,False,0.0,Low,CELL_MNP_01,True,Proxy/Synthetic Development Observation (Calibrated to GCC Chronic Hotspot Trigger Thresholds)
EVT_2023_MICHAUNG,HS09,2023-12-05T02:00,4.2,4.5,4.5,258.6,False,0.0,Low,CELL_MNP_01,True,Proxy/Synthetic Development Observation (Calibrated to GCC Chronic Hotspot Trigger Thresholds)
EVT_2023_MICHAUNG,HS09,2023-12-05T03:00,0.3,0.3,0.3,259.4,False,0.0,Low,CELL_MNP_01,True,Proxy/Synthetic Development Observation (Calibrated to GCC Chronic Hotspot Trigger Thresholds)
EVT_2023_MICHAUNG,HS09,2023-12-05T04:00,0.0,0.0,0.0,257.1,False,0.0,Low,CELL_MNP_01,True,Proxy/Synthetic Development Observation (Calibrated to GCC Chronic Hotspot Trigger Thresholds)
EVT_2023_MICHAUNG,HS09,2023-12-05T05:00,0.0,0.0,0.0,254.9,False,0.0,Low,CELL_MNP_01,True,Proxy/Synthetic Development Observation (Calibrated to GCC Chronic Hotspot Trigger Thresholds)
EVT_2023_MICHAUNG,HS09,2023-12-05T06:00,0.0,0.0,0.0,249.9,False,0.0,Low,CELL_MNP_01,True,Proxy/Synthetic Development Observation (Calibrated to GCC Chronic Hotspot Trigger Thresholds)
EVT_2023_MICHAUNG,HS09,2023-12-05T07:00,0.0,0.0,0.0,231.7,False,0.0,Low,CELL_MNP_01,True,Proxy/Synthetic Development Observation (Calibrated to GCC Chronic Hotspot Trigger Thresholds)
EVT_2023_MICHAUNG,HS09,2023-12-05T08:00,0.0,0.0,0.0,205.6,False,0.0,Low,CELL_MNP_01,True,Proxy/Synthetic Development Observation (Calibrated to GCC Chronic Hotspot Trigger Thresholds)
EVT_2023_MICHAUNG,HS09,2023-12-05T09:00,0.0,0.0,0.0,184.1,False,0.0,Low,CELL_MNP_01,True,Proxy/Synthetic Development Observation (Calibrated to GCC Chronic Hotspot Trigger Thresholds)
EVT_2023_MICHAUNG,HS09,2023-12-05T10:00,0.0,0.0,0.0,171.2,False,0.0,Low,CELL_MNP_01,True,Proxy/Synthetic Development Observation (Calibrated to GCC Chronic Hotspot Trigger Thresholds)
EVT_2023_MICHAUNG,HS09,2023-12-05T11:00,0.0,0.0,0.1,162.5,False,0.0,Low,CELL_MNP_01,True,Proxy/Synthetic Development Observation (Calibrated to GCC Chronic Hotspot Trigger Thresholds)
EVT_2023_MICHAUNG,HS09,2023-12-05T12:00,0.0,0.0,0.1,155.8,False,0.0,Low,CELL_MNP_01,True,Proxy/Synthetic Development Observation (Calibrated to GCC Chronic Hotspot Trigger Thresholds)
EVT_2023_MICHAUNG,HS09,2023-12-05T13:00,0.0,0.0,0.1,142.0,False,0.0,Low,CELL_MNP_01,True,Proxy/Synthetic Development Observation (Calibrated to GCC Chronic Hotspot Trigger Thresholds)
EVT_2023_MICHAUNG,HS09,2023-12-05T14:00,0.0,0.1,0.1,135.1,False,0.0,Low,CELL_MNP_01,True,Proxy/Synthetic Development Observation (Calibrated to GCC Chronic Hotspot Trigger Thresholds)
EVT_2023_MICHAUNG,HS09,2023-12-05T15:00,0.0,0.1,0.1,126.4,False,0.0,Low,CELL_MNP_01,True,Proxy/Synthetic Development Observation (Calibrated to GCC Chronic Hotspot Trigger Thresholds)
EVT_2023_MICHAUNG,HS09,2023-12-05T16:00,0.1,0.1,0.1,110.1,False,0.0,Low,CELL_MNP_01,True,Proxy/Synthetic Development Observation (Calibrated to GCC Chronic Hotspot Trigger Thresholds)
EVT_2023_MICHAUNG,HS09,2023-12-05T17:00,0.0,0.0,0.0,95.8,False,0.0,Low,CELL_MNP_01,True,Proxy/Synthetic Development Observation (Calibrated to GCC Chronic Hotspot Trigger Thresholds)
EVT_2023_MICHAUNG,HS09,2023-12-05T18:00,0.0,0.0,0.0,88.3,False,0.0,Low,CELL_MNP_01,True,Proxy/Synthetic Development Observation (Calibrated to GCC Chronic Hotspot Trigger Thresholds)
EVT_2023_MICHAUNG,HS09,2023-12-05T19:00,0.0,0.0,0.0,69.1,False,0.0,Low,CELL_MNP_01,True,Proxy/Synthetic Development Observation (Calibrated to GCC Chronic Hotspot Trigger Thresholds)
EVT_2023_MICHAUNG,HS09,2023-12-05T20:00,0.0,0.0,0.0,51.1,False,0.0,Low,CELL_MNP_01,True,Proxy/Synthetic Development Observation (Calibrated to GCC Chronic Hotspot Trigger Thresholds)
EVT_2023_MICHAUNG,HS09,2023-12-05T21:00,0.0,0.0,0.0,34.5,False,0.0,Low,CELL_MNP_01,True,Proxy/Synthetic Development Observation (Calibrated to GCC Chronic Hotspot Trigger Thresholds)
EVT_2023_MICHAUNG,HS09,2023-12-05T22:00,0.0,0.0,0.0,26.5,False,0.0,Low,CELL_MNP_01,True,Proxy/Synthetic Development Observation (Calibrated to GCC Chronic Hotspot Trigger Thresholds)
EVT_2023_MICHAUNG,HS09,2023-12-05T23:00,0.0,0.0,0.0,19.4,False,0.0,Low,CELL_MNP_01,True,Proxy/Synthetic Development Observation (Calibrated to GCC Chronic Hotspot Trigger Thresholds)
EVT_2023_MICHAUNG,HS10,2023-12-03T00:00,2.5,5.6,11.3,0,False,0.0,Moderate,CELL_PLK_01,True,Proxy/Synthetic Development Observation (Calibrated to GCC Chronic Hotspot Trigger Thresholds)
EVT_2023_MICHAUNG,HS10,2023-12-03T01:00,1.0,5.0,13.4,2.5,False,0.0,Moderate,CELL_PLK_01,True,Proxy/Synthetic Development Observation (Calibrated to GCC Chronic Hotspot Trigger Thresholds)
EVT_2023_MICHAUNG,HS10,2023-12-03T02:00,2.1,6.0,15.8,3.5,False,0.0,Moderate,CELL_PLK_01,True,Proxy/Synthetic Development Observation (Calibrated to GCC Chronic Hotspot Trigger Thresholds)
EVT_2023_MICHAUNG,HS10,2023-12-03T03:00,1.9,5.7,14.6,5.6,False,0.0,Moderate,CELL_PLK_01,True,Proxy/Synthetic Development Observation (Calibrated to GCC Chronic Hotspot Trigger Thresholds)
EVT_2023_MICHAUNG,HS10,2023-12-03T04:00,2.0,8.4,13.9,7.5,False,0.0,Moderate,CELL_PLK_01,True,Proxy/Synthetic Development Observation (Calibrated to GCC Chronic Hotspot Trigger Thresholds)
EVT_2023_MICHAUNG,HS10,2023-12-03T05:00,1.8,9.8,13.3,9.5,False,0.0,Moderate,CELL_PLK_01,True,Proxy/Synthetic Development Observation (Calibrated to GCC Chronic Hotspot Trigger Thresholds)
EVT_2023_MICHAUNG,HS10,2023-12-03T06:00,4.6,8.9,13.4,11.3,False,0.0,Moderate,CELL_PLK_01,True,Proxy/Synthetic Development Observation (Calibrated to GCC Chronic Hotspot Trigger Thresholds)
EVT_2023_MICHAUNG,HS10,2023-12-03T07:00,3.4,5.5,18.5,15.9,False,0.0,Moderate,CELL_PLK_01,True,Proxy/Synthetic Development Observation (Calibrated to GCC Chronic Hotspot Trigger Thresholds)
EVT_2023_MICHAUNG,HS10,2023-12-03T08:00,0.9,3.5,20.8,19.3,False,0.0,Moderate,CELL_PLK_01,True,Proxy/Synthetic Development Observation (Calibrated to GCC Chronic Hotspot Trigger Thresholds)
EVT_2023_MICHAUNG,HS10,2023-12-03T09:00,1.2,4.5,20.7,20.2,False,0.0,Moderate,CELL_PLK_01,True,Proxy/Synthetic Development Observation (Calibrated to GCC Chronic Hotspot Trigger Thresholds)
EVT_2023_MICHAUNG,HS10,2023-12-03T10:00,1.4,13.0,20.7,21.4,False,0.0,Moderate,CELL_PLK_01,True,Proxy/Synthetic Development Observation (Calibrated to GCC Chronic Hotspot Trigger Thresholds)
EVT_2023_MICHAUNG,HS10,2023-12-03T11:00,1.9,17.3,19.6,22.8,False,0.0,Moderate,CELL_PLK_01,True,Proxy/Synthetic Development Observation (Calibrated to GCC Chronic Hotspot Trigger Thresholds)
EVT_2023_MICHAUNG,HS10,2023-12-03T12:00,9.7,16.2,19.1,24.7,False,0.0,Moderate,CELL_PLK_01,True,Proxy/Synthetic Development Observation (Calibrated to GCC Chronic Hotspot Trigger Thresholds)
EVT_2023_MICHAUNG,HS10,2023-12-03T13:00,5.7,7.7,11.6,34.4,False,0.0,Moderate,CELL_PLK_01,True,Proxy/Synthetic Development Observation (Calibrated to GCC Chronic Hotspot Trigger Thresholds)
EVT_2023_MICHAUNG,HS10,2023-12-03T14:00,0.8,2.3,7.2,40.1,False,0.0,Low,CELL_PLK_01,True,Proxy/Synthetic Development Observation (Calibrated to GCC Chronic Hotspot Trigger Thresholds)
EVT_2023_MICHAUNG,HS10,2023-12-03T15:00,1.2,2.9,7.4,40.9,False,0.0,Low,CELL_PLK_01,True,Proxy/Synthetic Development Observation (Calibrated to GCC Chronic Hotspot Trigger Thresholds)
EVT_2023_MICHAUNG,HS10,2023-12-03T16:00,0.3,3.9,7.4,42.1,False,0.0,Low,CELL_PLK_01,True,Proxy/Synthetic Development Observation (Calibrated to GCC Chronic Hotspot Trigger Thresholds)
EVT_2023_MICHAUNG,HS10,2023-12-03T17:00,1.4,4.9,9.4,42.4,False,0.0,Low,CELL_PLK_01,True,Proxy/Synthetic Development Observation (Calibrated to GCC Chronic Hotspot Trigger Thresholds)
EVT_2023_MICHAUNG,HS10,2023-12-03T18:00,2.2,4.5,10.2,43.8,False,0.0,Low,CELL_PLK_01,True,Proxy/Synthetic Development Observation (Calibrated to GCC Chronic Hotspot Trigger Thresholds)
EVT_2023_MICHAUNG,HS10,2023-12-03T19:00,1.3,3.5,12.3,46.0,False,0.0,Moderate,CELL_PLK_01,True,Proxy/Synthetic Development Observation (Calibrated to GCC Chronic Hotspot Trigger Thresholds)
EVT_2023_MICHAUNG,HS10,2023-12-03T20:00,1.0,4.5,13.6,47.3,False,0.0,Moderate,CELL_PLK_01,True,Proxy/Synthetic Development Observation (Calibrated to GCC Chronic Hotspot Trigger Thresholds)
EVT_2023_MICHAUNG,HS10,2023-12-03T21:00,1.2,5.7,16.0,48.3,False,0.0,Moderate,CELL_PLK_01,True,Proxy/Synthetic Development Observation (Calibrated to GCC Chronic Hotspot Trigger Thresholds)
EVT_2023_MICHAUNG,HS10,2023-12-03T22:00,2.3,8.8,17.4,49.5,False,0.0,Moderate,CELL_PLK_01,True,Proxy/Synthetic Development Observation (Calibrated to GCC Chronic Hotspot Trigger Thresholds)
EVT_2023_MICHAUNG,HS10,2023-12-03T23:00,2.2,9.1,17.3,51.8,False,0.0,Moderate,CELL_PLK_01,True,Proxy/Synthetic Development Observation (Calibrated to GCC Chronic Hotspot Trigger Thresholds)
EVT_2023_MICHAUNG,HS10,2023-12-04T00:00,4.3,10.3,20.1,54.0,False,0.0,Moderate,CELL_PLK_01,True,Proxy/Synthetic Development Observation (Calibrated to GCC Chronic Hotspot Trigger Thresholds)
EVT_2023_MICHAUNG,HS10,2023-12-04T01:00,2.6,8.6,34.0,55.8,False,0.0,Moderate,CELL_PLK_01,True,Proxy/Synthetic Development Observation (Calibrated to GCC Chronic Hotspot Trigger Thresholds)
EVT_2023_MICHAUNG,HS10,2023-12-04T02:00,3.4,8.2,57.5,57.4,True,1.99,Severe,CELL_PLK_01,True,Proxy/Synthetic Development Observation (Calibrated to GCC Chronic Hotspot Trigger Thresholds)
EVT_2023_MICHAUNG,HS10,2023-12-04T03:00,2.6,9.8,75.6,58.7,True,2.28,Severe,CELL_PLK_01,True,Proxy/Synthetic Development Observation (Calibrated to GCC Chronic Hotspot Trigger Thresholds)
EVT_2023_MICHAUNG,HS10,2023-12-04T04:00,2.2,25.4,85.9,59.4,True,2.28,Severe,CELL_PLK_01,True,Proxy/Synthetic Development Observation (Calibrated to GCC Chronic Hotspot Trigger Thresholds)
EVT_2023_MICHAUNG,HS10,2023-12-04T05:00,5.0,49.3,92.4,59.6,True,2.28,Severe,CELL_PLK_01,True,Proxy/Synthetic Development Observation (Calibrated to GCC Chronic Hotspot Trigger Thresholds)
EVT_2023_MICHAUNG,HS10,2023-12-04T06:00,18.2,65.8,94.1,62.8,True,2.28,Severe,CELL_PLK_01,True,Proxy/Synthetic Development Observation (Calibrated to GCC Chronic Hotspot Trigger Thresholds)
EVT_2023_MICHAUNG,HS10,2023-12-04T07:00,26.1,60.5,89.7,76.4,True,2.28,Severe,CELL_PLK_01,True,Proxy/Synthetic Development Observation (Calibrated to GCC Chronic Hotspot Trigger Thresholds)
EVT_2023_MICHAUNG,HS10,2023-12-04T08:00,21.5,43.1,70.5,99.1,True,2.28,Severe,CELL_PLK_01,True,Proxy/Synthetic Development Observation (Calibrated to GCC Chronic Hotspot Trigger Thresholds)
EVT_2023_MICHAUNG,HS10,2023-12-04T09:00,12.9,28.3,57.7,119.7,True,1.99,Severe,CELL_PLK_01,True,Proxy/Synthetic Development Observation (Calibrated to GCC Chronic Hotspot Trigger Thresholds)
EVT_2023_MICHAUNG,HS10,2023-12-04T10:00,8.7,29.2,61.1,131.4,True,2.11,Severe,CELL_PLK_01,True,Proxy/Synthetic Development Observation (Calibrated to GCC Chronic Hotspot Trigger Thresholds)
EVT_2023_MICHAUNG,HS10,2023-12-04T11:00,6.7,27.4,66.8,138.7,True,2.28,Severe,CELL_PLK_01,True,Proxy/Synthetic Development Observation (Calibrated to GCC Chronic Hotspot Trigger Thresholds)
EVT_2023_MICHAUNG,HS10,2023-12-04T12:00,13.8,29.4,67.6,143.5,True,2.28,Severe,CELL_PLK_01,True,Proxy/Synthetic Development Observation (Calibrated to GCC Chronic Hotspot Trigger Thresholds)
EVT_2023_MICHAUNG,HS10,2023-12-04T13:00,6.9,31.9,73.0,147.6,True,2.28,Severe,CELL_PLK_01,True,Proxy/Synthetic Development Observation (Calibrated to GCC Chronic Hotspot Trigger Thresholds)
EVT_2023_MICHAUNG,HS10,2023-12-04T14:00,8.7,39.4,84.1,148.8,True,2.28,Severe,CELL_PLK_01,True,Proxy/Synthetic Development Observation (Calibrated to GCC Chronic Hotspot Trigger Thresholds)
EVT_2023_MICHAUNG,HS10,2023-12-04T15:00,16.3,38.2,92.0,156.7,True,2.28,Severe,CELL_PLK_01,True,Proxy/Synthetic Development Observation (Calibrated to GCC Chronic Hotspot Trigger Thresholds)
EVT_2023_MICHAUNG,HS10,2023-12-04T16:00,14.4,41.1,83.7,171.8,True,2.28,Severe,CELL_PLK_01,True,Proxy/Synthetic Development Observation (Calibrated to GCC Chronic Hotspot Trigger Thresholds)
EVT_2023_MICHAUNG,HS10,2023-12-04T17:00,7.5,44.7,76.4,185.9,True,2.28,Severe,CELL_PLK_01,True,Proxy/Synthetic Development Observation (Calibrated to GCC Chronic Hotspot Trigger Thresholds)
EVT_2023_MICHAUNG,HS10,2023-12-04T18:00,19.2,53.8,74.0,192.0,True,2.28,Severe,CELL_PLK_01,True,Proxy/Synthetic Development Observation (Calibrated to GCC Chronic Hotspot Trigger Thresholds)
EVT_2023_MICHAUNG,HS10,2023-12-04T19:00,18.0,42.6,60.6,209.0,True,2.09,Severe,CELL_PLK_01,True,Proxy/Synthetic Development Observation (Calibrated to GCC Chronic Hotspot Trigger Thresholds)
EVT_2023_MICHAUNG,HS10,2023-12-04T20:00,16.6,31.7,46.5,225.7,False,0.0,Moderate,CELL_PLK_01,True,Proxy/Synthetic Development Observation (Calibrated to GCC Chronic Hotspot Trigger Thresholds)
EVT_2023_MICHAUNG,HS10,2023-12-04T21:00,8.0,20.2,34.1,241.3,False,0.0,Moderate,CELL_PLK_01,True,Proxy/Synthetic Development Observation (Calibrated to GCC Chronic Hotspot Trigger Thresholds)
EVT_2023_MICHAUNG,HS10,2023-12-04T22:00,7.1,18.0,26.4,248.1,False,0.0,Moderate,CELL_PLK_01,True,Proxy/Synthetic Development Observation (Calibrated to GCC Chronic Hotspot Trigger Thresholds)
EVT_2023_MICHAUNG,HS10,2023-12-04T23:00,5.1,14.8,19.3,252.9,False,0.0,Moderate,CELL_PLK_01,True,Proxy/Synthetic Development Observation (Calibrated to GCC Chronic Hotspot Trigger Thresholds)
EVT_2023_MICHAUNG,HS10,2023-12-05T00:00,5.8,13.9,14.2,255.8,False,0.0,Moderate,CELL_PLK_01,True,Proxy/Synthetic Development Observation (Calibrated to GCC Chronic Hotspot Trigger Thresholds)
EVT_2023_MICHAUNG,HS10,2023-12-05T01:00,3.9,8.4,8.4,257.3,False,0.0,Low,CELL_PLK_01,True,Proxy/Synthetic Development Observation (Calibrated to GCC Chronic Hotspot Trigger Thresholds)
EVT_2023_MICHAUNG,HS10,2023-12-05T02:00,4.2,4.5,4.5,258.6,False,0.0,Low,CELL_PLK_01,True,Proxy/Synthetic Development Observation (Calibrated to GCC Chronic Hotspot Trigger Thresholds)
EVT_2023_MICHAUNG,HS10,2023-12-05T03:00,0.3,0.3,0.3,259.4,False,0.0,Low,CELL_PLK_01,True,Proxy/Synthetic Development Observation (Calibrated to GCC Chronic Hotspot Trigger Thresholds)
EVT_2023_MICHAUNG,HS10,2023-12-05T04:00,0.0,0.0,0.0,257.1,False,0.0,Low,CELL_PLK_01,True,Proxy/Synthetic Development Observation (Calibrated to GCC Chronic Hotspot Trigger Thresholds)
EVT_2023_MICHAUNG,HS10,2023-12-05T05:00,0.0,0.0,0.0,254.9,False,0.0,Low,CELL_PLK_01,True,Proxy/Synthetic Development Observation (Calibrated to GCC Chronic Hotspot Trigger Thresholds)
EVT_2023_MICHAUNG,HS10,2023-12-05T06:00,0.0,0.0,0.0,249.9,False,0.0,Low,CELL_PLK_01,True,Proxy/Synthetic Development Observation (Calibrated to GCC Chronic Hotspot Trigger Thresholds)
EVT_2023_MICHAUNG,HS10,2023-12-05T07:00,0.0,0.0,0.0,231.7,False,0.0,Low,CELL_PLK_01,True,Proxy/Synthetic Development Observation (Calibrated to GCC Chronic Hotspot Trigger Thresholds)
EVT_2023_MICHAUNG,HS10,2023-12-05T08:00,0.0,0.0,0.0,205.6,False,0.0,Low,CELL_PLK_01,True,Proxy/Synthetic Development Observation (Calibrated to GCC Chronic Hotspot Trigger Thresholds)
EVT_2023_MICHAUNG,HS10,2023-12-05T09:00,0.0,0.0,0.0,184.1,False,0.0,Low,CELL_PLK_01,True,Proxy/Synthetic Development Observation (Calibrated to GCC Chronic Hotspot Trigger Thresholds)
EVT_2023_MICHAUNG,HS10,2023-12-05T10:00,0.0,0.0,0.0,171.2,False,0.0,Low,CELL_PLK_01,True,Proxy/Synthetic Development Observation (Calibrated to GCC Chronic Hotspot Trigger Thresholds)
EVT_2023_MICHAUNG,HS10,2023-12-05T11:00,0.0,0.0,0.1,162.5,False,0.0,Low,CELL_PLK_01,True,Proxy/Synthetic Development Observation (Calibrated to GCC Chronic Hotspot Trigger Thresholds)
EVT_2023_MICHAUNG,HS10,2023-12-05T12:00,0.0,0.0,0.1,155.8,False,0.0,Low,CELL_PLK_01,True,Proxy/Synthetic Development Observation (Calibrated to GCC Chronic Hotspot Trigger Thresholds)
EVT_2023_MICHAUNG,HS10,2023-12-05T13:00,0.0,0.0,0.1,142.0,False,0.0,Low,CELL_PLK_01,True,Proxy/Synthetic Development Observation (Calibrated to GCC Chronic Hotspot Trigger Thresholds)
EVT_2023_MICHAUNG,HS10,2023-12-05T14:00,0.0,0.1,0.1,135.1,False,0.0,Low,CELL_PLK_01,True,Proxy/Synthetic Development Observation (Calibrated to GCC Chronic Hotspot Trigger Thresholds)
EVT_2023_MICHAUNG,HS10,2023-12-05T15:00,0.0,0.1,0.1,126.4,False,0.0,Low,CELL_PLK_01,True,Proxy/Synthetic Development Observation (Calibrated to GCC Chronic Hotspot Trigger Thresholds)
EVT_2023_MICHAUNG,HS10,2023-12-05T16:00,0.1,0.1,0.1,110.1,False,0.0,Low,CELL_PLK_01,True,Proxy/Synthetic Development Observation (Calibrated to GCC Chronic Hotspot Trigger Thresholds)
EVT_2023_MICHAUNG,HS10,2023-12-05T17:00,0.0,0.0,0.0,95.8,False,0.0,Low,CELL_PLK_01,True,Proxy/Synthetic Development Observation (Calibrated to GCC Chronic Hotspot Trigger Thresholds)
EVT_2023_MICHAUNG,HS10,2023-12-05T18:00,0.0,0.0,0.0,88.3,False,0.0,Low,CELL_PLK_01,True,Proxy/Synthetic Development Observation (Calibrated to GCC Chronic Hotspot Trigger Thresholds)
EVT_2023_MICHAUNG,HS10,2023-12-05T19:00,0.0,0.0,0.0,69.1,False,0.0,Low,CELL_PLK_01,True,Proxy/Synthetic Development Observation (Calibrated to GCC Chronic Hotspot Trigger Thresholds)
EVT_2023_MICHAUNG,HS10,2023-12-05T20:00,0.0,0.0,0.0,51.1,False,0.0,Low,CELL_PLK_01,True,Proxy/Synthetic Development Observation (Calibrated to GCC Chronic Hotspot Trigger Thresholds)
EVT_2023_MICHAUNG,HS10,2023-12-05T21:00,0.0,0.0,0.0,34.5,False,0.0,Low,CELL_PLK_01,True,Proxy/Synthetic Development Observation (Calibrated to GCC Chronic Hotspot Trigger Thresholds)
EVT_2023_MICHAUNG,HS10,2023-12-05T22:00,0.0,0.0,0.0,26.5,False,0.0,Low,CELL_PLK_01,True,Proxy/Synthetic Development Observation (Calibrated to GCC Chronic Hotspot Trigger Thresholds)
EVT_2023_MICHAUNG,HS10,2023-12-05T23:00,0.0,0.0,0.0,19.4,False,0.0,Low,CELL_PLK_01,True,Proxy/Synthetic Development Observation (Calibrated to GCC Chronic Hotspot Trigger Thresholds)
EVT_2021_NOV_DEPRESSION,HS04,2021-11-06T00:00,0.0,0.0,0.0,0,False,0.0,Low,CELL_TNG_01,True,Proxy/Synthetic Development Observation (Calibrated to GCC Chronic Hotspot Trigger Thresholds)
EVT_2021_NOV_DEPRESSION,HS04,2021-11-06T01:00,0.0,0.0,0.0,0.0,False,0.0,Low,CELL_TNG_01,True,Proxy/Synthetic Development Observation (Calibrated to GCC Chronic Hotspot Trigger Thresholds)
EVT_2021_NOV_DEPRESSION,HS04,2021-11-06T02:00,0.0,0.0,0.0,0.0,False,0.0,Low,CELL_TNG_01,True,Proxy/Synthetic Development Observation (Calibrated to GCC Chronic Hotspot Trigger Thresholds)
EVT_2021_NOV_DEPRESSION,HS04,2021-11-06T03:00,0.0,0.0,0.1,0.0,False,0.0,Low,CELL_TNG_01,True,Proxy/Synthetic Development Observation (Calibrated to GCC Chronic Hotspot Trigger Thresholds)
EVT_2021_NOV_DEPRESSION,HS04,2021-11-06T04:00,0.0,0.0,0.3,0.0,False,0.0,Low,CELL_TNG_01,True,Proxy/Synthetic Development Observation (Calibrated to GCC Chronic Hotspot Trigger Thresholds)
EVT_2021_NOV_DEPRESSION,HS04,2021-11-06T05:00,0.0,0.0,0.9,0.0,False,0.0,Low,CELL_TNG_01,True,Proxy/Synthetic Development Observation (Calibrated to GCC Chronic Hotspot Trigger Thresholds)
EVT_2021_NOV_DEPRESSION,HS04,2021-11-06T06:00,0.0,0.1,1.7,0.0,False,0.0,Low,CELL_TNG_01,True,Proxy/Synthetic Development Observation (Calibrated to GCC Chronic Hotspot Trigger Thresholds)
EVT_2021_NOV_DEPRESSION,HS04,2021-11-06T07:00,0.0,0.3,1.9,0.0,False,0.0,Low,CELL_TNG_01,True,Proxy/Synthetic Development Observation (Calibrated to GCC Chronic Hotspot Trigger Thresholds)
EVT_2021_NOV_DEPRESSION,HS04,2021-11-06T08:00,0.1,0.9,2.4,0.0,False,0.0,Low,CELL_TNG_01,True,Proxy/Synthetic Development Observation (Calibrated to GCC Chronic Hotspot Trigger Thresholds)
EVT_2021_NOV_DEPRESSION,HS04,2021-11-06T09:00,0.2,1.6,2.4,0.1,False,0.0,Low,CELL_TNG_01,True,Proxy/Synthetic Development Observation (Calibrated to GCC Chronic Hotspot Trigger Thresholds)
EVT_2021_NOV_DEPRESSION,HS04,2021-11-06T10:00,0.6,1.6,2.3,0.3,False,0.0,Low,CELL_TNG_01,True,Proxy/Synthetic Development Observation (Calibrated to GCC Chronic Hotspot Trigger Thresholds)
EVT_2021_NOV_DEPRESSION,HS04,2021-11-06T11:00,0.8,1.5,2.2,0.9,False,0.0,Low,CELL_TNG_01,True,Proxy/Synthetic Development Observation (Calibrated to GCC Chronic Hotspot Trigger Thresholds)
EVT_2021_NOV_DEPRESSION,HS04,2021-11-06T12:00,0.2,0.8,1.5,1.7,False,0.0,Low,CELL_TNG_01,True,Proxy/Synthetic Development Observation (Calibrated to GCC Chronic Hotspot Trigger Thresholds)
EVT_2021_NOV_DEPRESSION,HS04,2021-11-06T13:00,0.5,0.7,1.8,1.9,False,0.0,Low,CELL_TNG_01,True,Proxy/Synthetic Development Observation (Calibrated to GCC Chronic Hotspot Trigger Thresholds)
EVT_2021_NOV_DEPRESSION,HS04,2021-11-06T14:00,0.1,0.7,4.8,2.4,False,0.0,Low,CELL_TNG_01,True,Proxy/Synthetic Development Observation (Calibrated to GCC Chronic Hotspot Trigger Thresholds)
EVT_2021_NOV_DEPRESSION,HS04,2021-11-06T15:00,0.1,0.7,5.4,2.5,False,0.0,Low,CELL_TNG_01,True,Proxy/Synthetic Development Observation (Calibrated to GCC Chronic Hotspot Trigger Thresholds)
EVT_2021_NOV_DEPRESSION,HS04,2021-11-06T16:00,0.5,1.1,5.5,2.6,False,0.0,Low,CELL_TNG_01,True,Proxy/Synthetic Development Observation (Calibrated to GCC Chronic Hotspot Trigger Thresholds)
EVT_2021_NOV_DEPRESSION,HS04,2021-11-06T17:00,0.1,4.1,10.7,3.1,False,0.0,Low,CELL_TNG_01,True,Proxy/Synthetic Development Observation (Calibrated to GCC Chronic Hotspot Trigger Thresholds)
EVT_2021_NOV_DEPRESSION,HS04,2021-11-06T18:00,0.5,4.7,14.7,3.2,False,0.0,Moderate,CELL_TNG_01,True,Proxy/Synthetic Development Observation (Calibrated to GCC Chronic Hotspot Trigger Thresholds)
EVT_2021_NOV_DEPRESSION,HS04,2021-11-06T19:00,3.5,4.4,18.1,3.7,False,0.0,Moderate,CELL_TNG_01,True,Proxy/Synthetic Development Observation (Calibrated to GCC Chronic Hotspot Trigger Thresholds)
EVT_2021_NOV_DEPRESSION,HS04,2021-11-06T20:00,0.7,6.6,18.9,7.2,False,0.0,Moderate,CELL_TNG_01,True,Proxy/Synthetic Development Observation (Calibrated to GCC Chronic Hotspot Trigger Thresholds)
EVT_2021_NOV_DEPRESSION,HS04,2021-11-06T21:00,0.2,10.0,20.6,7.9,False,0.0,Moderate,CELL_TNG_01,True,Proxy/Synthetic Development Observation (Calibrated to GCC Chronic Hotspot Trigger Thresholds)
EVT_2021_NOV_DEPRESSION,HS04,2021-11-06T22:00,5.7,13.7,27.4,8.1,False,0.0,Moderate,CELL_TNG_01,True,Proxy/Synthetic Development Observation (Calibrated to GCC Chronic Hotspot Trigger Thresholds)
EVT_2021_NOV_DEPRESSION,HS04,2021-11-06T23:00,4.1,12.3,23.8,13.8,False,0.0,Moderate,CELL_TNG_01,True,Proxy/Synthetic Development Observation (Calibrated to GCC Chronic Hotspot Trigger Thresholds)
EVT_2021_NOV_DEPRESSION,HS04,2021-11-07T00:00,3.9,10.6,21.8,17.9,False,0.0,Moderate,CELL_TNG_01,True,Proxy/Synthetic Development Observation (Calibrated to GCC Chronic Hotspot Trigger Thresholds)
EVT_2021_NOV_DEPRESSION,HS04,2021-11-07T01:00,4.3,13.7,21.4,21.8,False,0.0,Moderate,CELL_TNG_01,True,Proxy/Synthetic Development Observation (Calibrated to GCC Chronic Hotspot Trigger Thresholds)
EVT_2021_NOV_DEPRESSION,HS04,2021-11-07T02:00,2.4,11.5,20.6,26.1,False,0.0,Moderate,CELL_TNG_01,True,Proxy/Synthetic Development Observation (Calibrated to GCC Chronic Hotspot Trigger Thresholds)
EVT_2021_NOV_DEPRESSION,HS04,2021-11-07T03:00,7.0,11.2,19.0,28.5,False,0.0,Moderate,CELL_TNG_01,True,Proxy/Synthetic Development Observation (Calibrated to GCC Chronic Hotspot Trigger Thresholds)
EVT_2021_NOV_DEPRESSION,HS04,2021-11-07T04:00,2.1,7.7,14.2,35.5,False,0.0,Moderate,CELL_TNG_01,True,Proxy/Synthetic Development Observation (Calibrated to GCC Chronic Hotspot Trigger Thresholds)
EVT_2021_NOV_DEPRESSION,HS04,2021-11-07T05:00,2.1,9.1,13.6,37.6,False,0.0,Moderate,CELL_TNG_01,True,Proxy/Synthetic Development Observation (Calibrated to GCC Chronic Hotspot Trigger Thresholds)
EVT_2021_NOV_DEPRESSION,HS04,2021-11-07T06:00,3.5,7.8,13.7,39.7,False,0.0,Moderate,CELL_TNG_01,True,Proxy/Synthetic Development Observation (Calibrated to GCC Chronic Hotspot Trigger Thresholds)
EVT_2021_NOV_DEPRESSION,HS04,2021-11-07T07:00,3.5,6.5,12.1,43.2,False,0.0,Moderate,CELL_TNG_01,True,Proxy/Synthetic Development Observation (Calibrated to GCC Chronic Hotspot Trigger Thresholds)
EVT_2021_NOV_DEPRESSION,HS04,2021-11-07T08:00,0.8,4.5,10.8,46.7,False,0.0,Low,CELL_TNG_01,True,Proxy/Synthetic Development Observation (Calibrated to GCC Chronic Hotspot Trigger Thresholds)
EVT_2021_NOV_DEPRESSION,HS04,2021-11-07T09:00,2.2,5.9,13.9,47.4,False,0.0,Moderate,CELL_TNG_01,True,Proxy/Synthetic Development Observation (Calibrated to GCC Chronic Hotspot Trigger Thresholds)
EVT_2021_NOV_DEPRESSION,HS04,2021-11-07T10:00,1.5,5.6,12.3,49.4,False,0.0,Moderate,CELL_TNG_01,True,Proxy/Synthetic Development Observation (Calibrated to GCC Chronic Hotspot Trigger Thresholds)
EVT_2021_NOV_DEPRESSION,HS04,2021-11-07T11:00,2.2,6.3,11.2,50.3,False,0.0,Moderate,CELL_TNG_01,True,Proxy/Synthetic Development Observation (Calibrated to GCC Chronic Hotspot Trigger Thresholds)
EVT_2021_NOV_DEPRESSION,HS04,2021-11-07T12:00,1.9,8.0,9.1,51.7,False,0.0,Low,CELL_TNG_01,True,Proxy/Synthetic Development Observation (Calibrated to GCC Chronic Hotspot Trigger Thresholds)
EVT_2021_NOV_DEPRESSION,HS04,2021-11-07T13:00,2.2,6.7,7.8,53.4,False,0.0,Low,CELL_TNG_01,True,Proxy/Synthetic Development Observation (Calibrated to GCC Chronic Hotspot Trigger Thresholds)
EVT_2021_NOV_DEPRESSION,HS04,2021-11-07T14:00,3.9,4.9,6.0,55.1,False,0.0,Low,CELL_TNG_01,True,Proxy/Synthetic Development Observation (Calibrated to GCC Chronic Hotspot Trigger Thresholds)
EVT_2021_NOV_DEPRESSION,HS04,2021-11-07T15:00,0.6,1.1,6.9,58.9,False,0.0,Low,CELL_TNG_01,True,Proxy/Synthetic Development Observation (Calibrated to GCC Chronic Hotspot Trigger Thresholds)
EVT_2021_NOV_DEPRESSION,HS04,2021-11-07T16:00,0.4,1.1,11.1,59.4,False,0.0,Moderate,CELL_TNG_01,True,Proxy/Synthetic Development Observation (Calibrated to GCC Chronic Hotspot Trigger Thresholds)
EVT_2021_NOV_DEPRESSION,HS04,2021-11-07T17:00,0.1,1.1,11.4,59.3,False,0.0,Moderate,CELL_TNG_01,True,Proxy/Synthetic Development Observation (Calibrated to GCC Chronic Hotspot Trigger Thresholds)
EVT_2021_NOV_DEPRESSION,HS04,2021-11-07T18:00,0.6,5.8,13.7,59.3,False,0.0,Moderate,CELL_TNG_01,True,Proxy/Synthetic Development Observation (Calibrated to GCC Chronic Hotspot Trigger Thresholds)
EVT_2021_NOV_DEPRESSION,HS04,2021-11-07T19:00,0.4,10.0,13.5,59.4,False,0.0,Moderate,CELL_TNG_01,True,Proxy/Synthetic Development Observation (Calibrated to GCC Chronic Hotspot Trigger Thresholds)
EVT_2021_NOV_DEPRESSION,HS04,2021-11-07T20:00,4.8,10.3,18.4,56.3,False,0.0,Moderate,CELL_TNG_01,True,Proxy/Synthetic Development Observation (Calibrated to GCC Chronic Hotspot Trigger Thresholds)
EVT_2021_NOV_DEPRESSION,HS04,2021-11-07T21:00,4.8,7.9,14.1,60.4,False,0.0,Moderate,CELL_TNG_01,True,Proxy/Synthetic Development Observation (Calibrated to GCC Chronic Hotspot Trigger Thresholds)
EVT_2021_NOV_DEPRESSION,HS04,2021-11-07T22:00,0.7,3.5,10.0,65.0,False,0.0,Low,CELL_TNG_01,True,Proxy/Synthetic Development Observation (Calibrated to GCC Chronic Hotspot Trigger Thresholds)
EVT_2021_NOV_DEPRESSION,HS04,2021-11-07T23:00,2.4,8.1,10.0,60.0,False,0.0,Low,CELL_TNG_01,True,Proxy/Synthetic Development Observation (Calibrated to GCC Chronic Hotspot Trigger Thresholds)
EVT_2021_NOV_DEPRESSION,HS04,2021-11-08T00:00,0.4,6.2,7.9,58.3,False,0.0,Low,CELL_TNG_01,True,Proxy/Synthetic Development Observation (Calibrated to GCC Chronic Hotspot Trigger Thresholds)
EVT_2021_NOV_DEPRESSION,HS04,2021-11-08T01:00,5.3,6.5,7.6,54.8,False,0.0,Low,CELL_TNG_01,True,Proxy/Synthetic Development Observation (Calibrated to GCC Chronic Hotspot Trigger Thresholds)
EVT_2021_NOV_DEPRESSION,HS04,2021-11-08T02:00,0.5,1.9,2.5,55.8,False,0.0,Low,CELL_TNG_01,True,Proxy/Synthetic Development Observation (Calibrated to GCC Chronic Hotspot Trigger Thresholds)
EVT_2021_NOV_DEPRESSION,HS04,2021-11-08T03:00,0.7,1.7,2.1,53.9,False,0.0,Low,CELL_TNG_01,True,Proxy/Synthetic Development Observation (Calibrated to GCC Chronic Hotspot Trigger Thresholds)
EVT_2021_NOV_DEPRESSION,HS04,2021-11-08T04:00,0.7,1.1,1.5,47.6,False,0.0,Low,CELL_TNG_01,True,Proxy/Synthetic Development Observation (Calibrated to GCC Chronic Hotspot Trigger Thresholds)
EVT_2021_NOV_DEPRESSION,HS04,2021-11-08T05:00,0.3,0.6,0.8,46.2,False,0.0,Low,CELL_TNG_01,True,Proxy/Synthetic Development Observation (Calibrated to GCC Chronic Hotspot Trigger Thresholds)
EVT_2021_NOV_DEPRESSION,HS04,2021-11-08T06:00,0.1,0.4,0.5,44.4,False,0.0,Low,CELL_TNG_01,True,Proxy/Synthetic Development Observation (Calibrated to GCC Chronic Hotspot Trigger Thresholds)
EVT_2021_NOV_DEPRESSION,HS04,2021-11-08T07:00,0.2,0.4,0.5,41.0,False,0.0,Low,CELL_TNG_01,True,Proxy/Synthetic Development Observation (Calibrated to GCC Chronic Hotspot Trigger Thresholds)
EVT_2021_NOV_DEPRESSION,HS04,2021-11-08T08:00,0.1,0.2,0.4,37.7,False,0.0,Low,CELL_TNG_01,True,Proxy/Synthetic Development Observation (Calibrated to GCC Chronic Hotspot Trigger Thresholds)
EVT_2021_NOV_DEPRESSION,HS04,2021-11-08T09:00,0.1,0.1,0.4,37.0,False,0.0,Low,CELL_TNG_01,True,Proxy/Synthetic Development Observation (Calibrated to GCC Chronic Hotspot Trigger Thresholds)
EVT_2021_NOV_DEPRESSION,HS04,2021-11-08T10:00,0.0,0.1,0.4,34.9,False,0.0,Low,CELL_TNG_01,True,Proxy/Synthetic Development Observation (Calibrated to GCC Chronic Hotspot Trigger Thresholds)
EVT_2021_NOV_DEPRESSION,HS04,2021-11-08T11:00,0.0,0.2,0.5,33.4,False,0.0,Low,CELL_TNG_01,True,Proxy/Synthetic Development Observation (Calibrated to GCC Chronic Hotspot Trigger Thresholds)
EVT_2021_NOV_DEPRESSION,HS04,2021-11-08T12:00,0.1,0.3,0.5,31.2,False,0.0,Low,CELL_TNG_01,True,Proxy/Synthetic Development Observation (Calibrated to GCC Chronic Hotspot Trigger Thresholds)
EVT_2021_NOV_DEPRESSION,HS04,2021-11-08T13:00,0.1,0.3,1.0,29.4,False,0.0,Low,CELL_TNG_01,True,Proxy/Synthetic Development Observation (Calibrated to GCC Chronic Hotspot Trigger Thresholds)
EVT_2021_NOV_DEPRESSION,HS04,2021-11-08T14:00,0.1,0.3,1.4,27.3,False,0.0,Low,CELL_TNG_01,True,Proxy/Synthetic Development Observation (Calibrated to GCC Chronic Hotspot Trigger Thresholds)
EVT_2021_NOV_DEPRESSION,HS04,2021-11-08T15:00,0.1,0.2,1.8,23.5,False,0.0,Low,CELL_TNG_01,True,Proxy/Synthetic Development Observation (Calibrated to GCC Chronic Hotspot Trigger Thresholds)
EVT_2021_NOV_DEPRESSION,HS04,2021-11-08T16:00,0.1,0.7,2.2,23.0,False,0.0,Low,CELL_TNG_01,True,Proxy/Synthetic Development Observation (Calibrated to GCC Chronic Hotspot Trigger Thresholds)
EVT_2021_NOV_DEPRESSION,HS04,2021-11-08T17:00,0.0,1.1,2.8,22.7,False,0.0,Low,CELL_TNG_01,True,Proxy/Synthetic Development Observation (Calibrated to GCC Chronic Hotspot Trigger Thresholds)
EVT_2021_NOV_DEPRESSION,HS04,2021-11-08T18:00,0.6,1.6,3.9,22.6,False,0.0,Low,CELL_TNG_01,True,Proxy/Synthetic Development Observation (Calibrated to GCC Chronic Hotspot Trigger Thresholds)
EVT_2021_NOV_DEPRESSION,HS04,2021-11-08T19:00,0.5,1.5,3.3,22.6,False,0.0,Low,CELL_TNG_01,True,Proxy/Synthetic Development Observation (Calibrated to GCC Chronic Hotspot Trigger Thresholds)
EVT_2021_NOV_DEPRESSION,HS04,2021-11-08T20:00,0.5,1.7,2.8,22.7,False,0.0,Low,CELL_TNG_01,True,Proxy/Synthetic Development Observation (Calibrated to GCC Chronic Hotspot Trigger Thresholds)
EVT_2021_NOV_DEPRESSION,HS04,2021-11-08T21:00,0.5,2.3,2.3,18.4,False,0.0,Low,CELL_TNG_01,True,Proxy/Synthetic Development Observation (Calibrated to GCC Chronic Hotspot Trigger Thresholds)
EVT_2021_NOV_DEPRESSION,HS04,2021-11-08T22:00,0.7,1.8,1.8,14.1,False,0.0,Low,CELL_TNG_01,True,Proxy/Synthetic Development Observation (Calibrated to GCC Chronic Hotspot Trigger Thresholds)
EVT_2021_NOV_DEPRESSION,HS04,2021-11-08T23:00,1.1,1.1,1.1,14.1,False,0.0,Low,CELL_TNG_01,True,Proxy/Synthetic Development Observation (Calibrated to GCC Chronic Hotspot Trigger Thresholds)
EVT_2021_NOV_DEPRESSION,HS05,2021-11-06T00:00,0.0,0.0,0.0,0,False,0.0,Low,CELL_PUL_01,True,Proxy/Synthetic Development Observation (Calibrated to GCC Chronic Hotspot Trigger Thresholds)
EVT_2021_NOV_DEPRESSION,HS05,2021-11-06T01:00,0.0,0.0,0.0,0.0,False,0.0,Low,CELL_PUL_01,True,Proxy/Synthetic Development Observation (Calibrated to GCC Chronic Hotspot Trigger Thresholds)
EVT_2021_NOV_DEPRESSION,HS05,2021-11-06T02:00,0.0,0.0,0.0,0.0,False,0.0,Low,CELL_PUL_01,True,Proxy/Synthetic Development Observation (Calibrated to GCC Chronic Hotspot Trigger Thresholds)
EVT_2021_NOV_DEPRESSION,HS05,2021-11-06T03:00,0.0,0.0,0.1,0.0,False,0.0,Low,CELL_PUL_01,True,Proxy/Synthetic Development Observation (Calibrated to GCC Chronic Hotspot Trigger Thresholds)
EVT_2021_NOV_DEPRESSION,HS05,2021-11-06T04:00,0.0,0.0,0.3,0.0,False,0.0,Low,CELL_PUL_01,True,Proxy/Synthetic Development Observation (Calibrated to GCC Chronic Hotspot Trigger Thresholds)
EVT_2021_NOV_DEPRESSION,HS05,2021-11-06T05:00,0.0,0.0,0.9,0.0,False,0.0,Low,CELL_PUL_01,True,Proxy/Synthetic Development Observation (Calibrated to GCC Chronic Hotspot Trigger Thresholds)
EVT_2021_NOV_DEPRESSION,HS05,2021-11-06T06:00,0.0,0.1,1.7,0.0,False,0.0,Low,CELL_PUL_01,True,Proxy/Synthetic Development Observation (Calibrated to GCC Chronic Hotspot Trigger Thresholds)
EVT_2021_NOV_DEPRESSION,HS05,2021-11-06T07:00,0.0,0.3,1.9,0.0,False,0.0,Low,CELL_PUL_01,True,Proxy/Synthetic Development Observation (Calibrated to GCC Chronic Hotspot Trigger Thresholds)
EVT_2021_NOV_DEPRESSION,HS05,2021-11-06T08:00,0.1,0.9,2.4,0.0,False,0.0,Low,CELL_PUL_01,True,Proxy/Synthetic Development Observation (Calibrated to GCC Chronic Hotspot Trigger Thresholds)
EVT_2021_NOV_DEPRESSION,HS05,2021-11-06T09:00,0.2,1.6,2.4,0.1,False,0.0,Low,CELL_PUL_01,True,Proxy/Synthetic Development Observation (Calibrated to GCC Chronic Hotspot Trigger Thresholds)
EVT_2021_NOV_DEPRESSION,HS05,2021-11-06T10:00,0.6,1.6,2.3,0.3,False,0.0,Low,CELL_PUL_01,True,Proxy/Synthetic Development Observation (Calibrated to GCC Chronic Hotspot Trigger Thresholds)
EVT_2021_NOV_DEPRESSION,HS05,2021-11-06T11:00,0.8,1.5,2.2,0.9,False,0.0,Low,CELL_PUL_01,True,Proxy/Synthetic Development Observation (Calibrated to GCC Chronic Hotspot Trigger Thresholds)
EVT_2021_NOV_DEPRESSION,HS05,2021-11-06T12:00,0.2,0.8,1.5,1.7,False,0.0,Low,CELL_PUL_01,True,Proxy/Synthetic Development Observation (Calibrated to GCC Chronic Hotspot Trigger Thresholds)
EVT_2021_NOV_DEPRESSION,HS05,2021-11-06T13:00,0.5,0.7,1.8,1.9,False,0.0,Low,CELL_PUL_01,True,Proxy/Synthetic Development Observation (Calibrated to GCC Chronic Hotspot Trigger Thresholds)
EVT_2021_NOV_DEPRESSION,HS05,2021-11-06T14:00,0.1,0.7,4.8,2.4,False,0.0,Low,CELL_PUL_01,True,Proxy/Synthetic Development Observation (Calibrated to GCC Chronic Hotspot Trigger Thresholds)
EVT_2021_NOV_DEPRESSION,HS05,2021-11-06T15:00,0.1,0.7,5.4,2.5,False,0.0,Low,CELL_PUL_01,True,Proxy/Synthetic Development Observation (Calibrated to GCC Chronic Hotspot Trigger Thresholds)
EVT_2021_NOV_DEPRESSION,HS05,2021-11-06T16:00,0.5,1.1,5.5,2.6,False,0.0,Low,CELL_PUL_01,True,Proxy/Synthetic Development Observation (Calibrated to GCC Chronic Hotspot Trigger Thresholds)
EVT_2021_NOV_DEPRESSION,HS05,2021-11-06T17:00,0.1,4.1,10.7,3.1,False,0.0,Moderate,CELL_PUL_01,True,Proxy/Synthetic Development Observation (Calibrated to GCC Chronic Hotspot Trigger Thresholds)
EVT_2021_NOV_DEPRESSION,HS05,2021-11-06T18:00,0.5,4.7,14.7,3.2,False,0.0,Moderate,CELL_PUL_01,True,Proxy/Synthetic Development Observation (Calibrated to GCC Chronic Hotspot Trigger Thresholds)
EVT_2021_NOV_DEPRESSION,HS05,2021-11-06T19:00,3.5,4.4,18.1,3.7,False,0.0,Moderate,CELL_PUL_01,True,Proxy/Synthetic Development Observation (Calibrated to GCC Chronic Hotspot Trigger Thresholds)
EVT_2021_NOV_DEPRESSION,HS05,2021-11-06T20:00,0.7,6.6,18.9,7.2,False,0.0,Moderate,CELL_PUL_01,True,Proxy/Synthetic Development Observation (Calibrated to GCC Chronic Hotspot Trigger Thresholds)
EVT_2021_NOV_DEPRESSION,HS05,2021-11-06T21:00,0.2,10.0,20.6,7.9,False,0.0,Moderate,CELL_PUL_01,True,Proxy/Synthetic Development Observation (Calibrated to GCC Chronic Hotspot Trigger Thresholds)
EVT_2021_NOV_DEPRESSION,HS05,2021-11-06T22:00,5.7,13.7,27.4,8.1,False,0.0,Moderate,CELL_PUL_01,True,Proxy/Synthetic Development Observation (Calibrated to GCC Chronic Hotspot Trigger Thresholds)
EVT_2021_NOV_DEPRESSION,HS05,2021-11-06T23:00,4.1,12.3,23.8,13.8,False,0.0,Moderate,CELL_PUL_01,True,Proxy/Synthetic Development Observation (Calibrated to GCC Chronic Hotspot Trigger Thresholds)
EVT_2021_NOV_DEPRESSION,HS05,2021-11-07T00:00,3.9,10.6,21.8,17.9,False,0.0,Moderate,CELL_PUL_01,True,Proxy/Synthetic Development Observation (Calibrated to GCC Chronic Hotspot Trigger Thresholds)
EVT_2021_NOV_DEPRESSION,HS05,2021-11-07T01:00,4.3,13.7,21.4,21.8,False,0.0,Moderate,CELL_PUL_01,True,Proxy/Synthetic Development Observation (Calibrated to GCC Chronic Hotspot Trigger Thresholds)
EVT_2021_NOV_DEPRESSION,HS05,2021-11-07T02:00,2.4,11.5,20.6,26.1,False,0.0,Moderate,CELL_PUL_01,True,Proxy/Synthetic Development Observation (Calibrated to GCC Chronic Hotspot Trigger Thresholds)
EVT_2021_NOV_DEPRESSION,HS05,2021-11-07T03:00,7.0,11.2,19.0,28.5,False,0.0,Moderate,CELL_PUL_01,True,Proxy/Synthetic Development Observation (Calibrated to GCC Chronic Hotspot Trigger Thresholds)
EVT_2021_NOV_DEPRESSION,HS05,2021-11-07T04:00,2.1,7.7,14.2,35.5,False,0.0,Moderate,CELL_PUL_01,True,Proxy/Synthetic Development Observation (Calibrated to GCC Chronic Hotspot Trigger Thresholds)
EVT_2021_NOV_DEPRESSION,HS05,2021-11-07T05:00,2.1,9.1,13.6,37.6,False,0.0,Moderate,CELL_PUL_01,True,Proxy/Synthetic Development Observation (Calibrated to GCC Chronic Hotspot Trigger Thresholds)
EVT_2021_NOV_DEPRESSION,HS05,2021-11-07T06:00,3.5,7.8,13.7,39.7,False,0.0,Moderate,CELL_PUL_01,True,Proxy/Synthetic Development Observation (Calibrated to GCC Chronic Hotspot Trigger Thresholds)
EVT_2021_NOV_DEPRESSION,HS05,2021-11-07T07:00,3.5,6.5,12.1,43.2,False,0.0,Moderate,CELL_PUL_01,True,Proxy/Synthetic Development Observation (Calibrated to GCC Chronic Hotspot Trigger Thresholds)
EVT_2021_NOV_DEPRESSION,HS05,2021-11-07T08:00,0.8,4.5,10.8,46.7,False,0.0,Moderate,CELL_PUL_01,True,Proxy/Synthetic Development Observation (Calibrated to GCC Chronic Hotspot Trigger Thresholds)
EVT_2021_NOV_DEPRESSION,HS05,2021-11-07T09:00,2.2,5.9,13.9,47.4,False,0.0,Moderate,CELL_PUL_01,True,Proxy/Synthetic Development Observation (Calibrated to GCC Chronic Hotspot Trigger Thresholds)
EVT_2021_NOV_DEPRESSION,HS05,2021-11-07T10:00,1.5,5.6,12.3,49.4,False,0.0,Moderate,CELL_PUL_01,True,Proxy/Synthetic Development Observation (Calibrated to GCC Chronic Hotspot Trigger Thresholds)
EVT_2021_NOV_DEPRESSION,HS05,2021-11-07T11:00,2.2,6.3,11.2,50.3,False,0.0,Moderate,CELL_PUL_01,True,Proxy/Synthetic Development Observation (Calibrated to GCC Chronic Hotspot Trigger Thresholds)
EVT_2021_NOV_DEPRESSION,HS05,2021-11-07T12:00,1.9,8.0,9.1,51.7,False,0.0,Moderate,CELL_PUL_01,True,Proxy/Synthetic Development Observation (Calibrated to GCC Chronic Hotspot Trigger Thresholds)
EVT_2021_NOV_DEPRESSION,HS05,2021-11-07T13:00,2.2,6.7,7.8,53.4,False,0.0,Low,CELL_PUL_01,True,Proxy/Synthetic Development Observation (Calibrated to GCC Chronic Hotspot Trigger Thresholds)
EVT_2021_NOV_DEPRESSION,HS05,2021-11-07T14:00,3.9,4.9,6.0,55.1,False,0.0,Low,CELL_PUL_01,True,Proxy/Synthetic Development Observation (Calibrated to GCC Chronic Hotspot Trigger Thresholds)
EVT_2021_NOV_DEPRESSION,HS05,2021-11-07T15:00,0.6,1.1,6.9,58.9,False,0.0,Low,CELL_PUL_01,True,Proxy/Synthetic Development Observation (Calibrated to GCC Chronic Hotspot Trigger Thresholds)
EVT_2021_NOV_DEPRESSION,HS05,2021-11-07T16:00,0.4,1.1,11.1,59.4,False,0.0,Moderate,CELL_PUL_01,True,Proxy/Synthetic Development Observation (Calibrated to GCC Chronic Hotspot Trigger Thresholds)
EVT_2021_NOV_DEPRESSION,HS05,2021-11-07T17:00,0.1,1.1,11.4,59.3,False,0.0,Moderate,CELL_PUL_01,True,Proxy/Synthetic Development Observation (Calibrated to GCC Chronic Hotspot Trigger Thresholds)
EVT_2021_NOV_DEPRESSION,HS05,2021-11-07T18:00,0.6,5.8,13.7,59.3,False,0.0,Moderate,CELL_PUL_01,True,Proxy/Synthetic Development Observation (Calibrated to GCC Chronic Hotspot Trigger Thresholds)
EVT_2021_NOV_DEPRESSION,HS05,2021-11-07T19:00,0.4,10.0,13.5,59.4,False,0.0,Moderate,CELL_PUL_01,True,Proxy/Synthetic Development Observation (Calibrated to GCC Chronic Hotspot Trigger Thresholds)
EVT_2021_NOV_DEPRESSION,HS05,2021-11-07T20:00,4.8,10.3,18.4,56.3,False,0.0,Moderate,CELL_PUL_01,True,Proxy/Synthetic Development Observation (Calibrated to GCC Chronic Hotspot Trigger Thresholds)
EVT_2021_NOV_DEPRESSION,HS05,2021-11-07T21:00,4.8,7.9,14.1,60.4,False,0.0,Moderate,CELL_PUL_01,True,Proxy/Synthetic Development Observation (Calibrated to GCC Chronic Hotspot Trigger Thresholds)
EVT_2021_NOV_DEPRESSION,HS05,2021-11-07T22:00,0.7,3.5,10.0,65.0,False,0.0,Moderate,CELL_PUL_01,True,Proxy/Synthetic Development Observation (Calibrated to GCC Chronic Hotspot Trigger Thresholds)
EVT_2021_NOV_DEPRESSION,HS05,2021-11-07T23:00,2.4,8.1,10.0,60.0,False,0.0,Moderate,CELL_PUL_01,True,Proxy/Synthetic Development Observation (Calibrated to GCC Chronic Hotspot Trigger Thresholds)
EVT_2021_NOV_DEPRESSION,HS05,2021-11-08T00:00,0.4,6.2,7.9,58.3,False,0.0,Low,CELL_PUL_01,True,Proxy/Synthetic Development Observation (Calibrated to GCC Chronic Hotspot Trigger Thresholds)
EVT_2021_NOV_DEPRESSION,HS05,2021-11-08T01:00,5.3,6.5,7.6,54.8,False,0.0,Low,CELL_PUL_01,True,Proxy/Synthetic Development Observation (Calibrated to GCC Chronic Hotspot Trigger Thresholds)
EVT_2021_NOV_DEPRESSION,HS05,2021-11-08T02:00,0.5,1.9,2.5,55.8,False,0.0,Low,CELL_PUL_01,True,Proxy/Synthetic Development Observation (Calibrated to GCC Chronic Hotspot Trigger Thresholds)
EVT_2021_NOV_DEPRESSION,HS05,2021-11-08T03:00,0.7,1.7,2.1,53.9,False,0.0,Low,CELL_PUL_01,True,Proxy/Synthetic Development Observation (Calibrated to GCC Chronic Hotspot Trigger Thresholds)
EVT_2021_NOV_DEPRESSION,HS05,2021-11-08T04:00,0.7,1.1,1.5,47.6,False,0.0,Low,CELL_PUL_01,True,Proxy/Synthetic Development Observation (Calibrated to GCC Chronic Hotspot Trigger Thresholds)
EVT_2021_NOV_DEPRESSION,HS05,2021-11-08T05:00,0.3,0.6,0.8,46.2,False,0.0,Low,CELL_PUL_01,True,Proxy/Synthetic Development Observation (Calibrated to GCC Chronic Hotspot Trigger Thresholds)
EVT_2021_NOV_DEPRESSION,HS05,2021-11-08T06:00,0.1,0.4,0.5,44.4,False,0.0,Low,CELL_PUL_01,True,Proxy/Synthetic Development Observation (Calibrated to GCC Chronic Hotspot Trigger Thresholds)
EVT_2021_NOV_DEPRESSION,HS05,2021-11-08T07:00,0.2,0.4,0.5,41.0,False,0.0,Low,CELL_PUL_01,True,Proxy/Synthetic Development Observation (Calibrated to GCC Chronic Hotspot Trigger Thresholds)
EVT_2021_NOV_DEPRESSION,HS05,2021-11-08T08:00,0.1,0.2,0.4,37.7,False,0.0,Low,CELL_PUL_01,True,Proxy/Synthetic Development Observation (Calibrated to GCC Chronic Hotspot Trigger Thresholds)
EVT_2021_NOV_DEPRESSION,HS05,2021-11-08T09:00,0.1,0.1,0.4,37.0,False,0.0,Low,CELL_PUL_01,True,Proxy/Synthetic Development Observation (Calibrated to GCC Chronic Hotspot Trigger Thresholds)
EVT_2021_NOV_DEPRESSION,HS05,2021-11-08T10:00,0.0,0.1,0.4,34.9,False,0.0,Low,CELL_PUL_01,True,Proxy/Synthetic Development Observation (Calibrated to GCC Chronic Hotspot Trigger Thresholds)
EVT_2021_NOV_DEPRESSION,HS05,2021-11-08T11:00,0.0,0.2,0.5,33.4,False,0.0,Low,CELL_PUL_01,True,Proxy/Synthetic Development Observation (Calibrated to GCC Chronic Hotspot Trigger Thresholds)
EVT_2021_NOV_DEPRESSION,HS05,2021-11-08T12:00,0.1,0.3,0.5,31.2,False,0.0,Low,CELL_PUL_01,True,Proxy/Synthetic Development Observation (Calibrated to GCC Chronic Hotspot Trigger Thresholds)
EVT_2021_NOV_DEPRESSION,HS05,2021-11-08T13:00,0.1,0.3,1.0,29.4,False,0.0,Low,CELL_PUL_01,True,Proxy/Synthetic Development Observation (Calibrated to GCC Chronic Hotspot Trigger Thresholds)
EVT_2021_NOV_DEPRESSION,HS05,2021-11-08T14:00,0.1,0.3,1.4,27.3,False,0.0,Low,CELL_PUL_01,True,Proxy/Synthetic Development Observation (Calibrated to GCC Chronic Hotspot Trigger Thresholds)
EVT_2021_NOV_DEPRESSION,HS05,2021-11-08T15:00,0.1,0.2,1.8,23.5,False,0.0,Low,CELL_PUL_01,True,Proxy/Synthetic Development Observation (Calibrated to GCC Chronic Hotspot Trigger Thresholds)
EVT_2021_NOV_DEPRESSION,HS05,2021-11-08T16:00,0.1,0.7,2.2,23.0,False,0.0,Low,CELL_PUL_01,True,Proxy/Synthetic Development Observation (Calibrated to GCC Chronic Hotspot Trigger Thresholds)
EVT_2021_NOV_DEPRESSION,HS05,2021-11-08T17:00,0.0,1.1,2.8,22.7,False,0.0,Low,CELL_PUL_01,True,Proxy/Synthetic Development Observation (Calibrated to GCC Chronic Hotspot Trigger Thresholds)
EVT_2021_NOV_DEPRESSION,HS05,2021-11-08T18:00,0.6,1.6,3.9,22.6,False,0.0,Low,CELL_PUL_01,True,Proxy/Synthetic Development Observation (Calibrated to GCC Chronic Hotspot Trigger Thresholds)
EVT_2021_NOV_DEPRESSION,HS05,2021-11-08T19:00,0.5,1.5,3.3,22.6,False,0.0,Low,CELL_PUL_01,True,Proxy/Synthetic Development Observation (Calibrated to GCC Chronic Hotspot Trigger Thresholds)
EVT_2021_NOV_DEPRESSION,HS05,2021-11-08T20:00,0.5,1.7,2.8,22.7,False,0.0,Low,CELL_PUL_01,True,Proxy/Synthetic Development Observation (Calibrated to GCC Chronic Hotspot Trigger Thresholds)
EVT_2021_NOV_DEPRESSION,HS05,2021-11-08T21:00,0.5,2.3,2.3,18.4,False,0.0,Low,CELL_PUL_01,True,Proxy/Synthetic Development Observation (Calibrated to GCC Chronic Hotspot Trigger Thresholds)
EVT_2021_NOV_DEPRESSION,HS05,2021-11-08T22:00,0.7,1.8,1.8,14.1,False,0.0,Low,CELL_PUL_01,True,Proxy/Synthetic Development Observation (Calibrated to GCC Chronic Hotspot Trigger Thresholds)
EVT_2021_NOV_DEPRESSION,HS05,2021-11-08T23:00,1.1,1.1,1.1,14.1,False,0.0,Low,CELL_PUL_01,True,Proxy/Synthetic Development Observation (Calibrated to GCC Chronic Hotspot Trigger Thresholds)
EVT_2021_NOV_DEPRESSION,HS06,2021-11-06T00:00,0.0,0.0,0.0,0,False,0.0,Low,CELL_VYA_01,True,Proxy/Synthetic Development Observation (Calibrated to GCC Chronic Hotspot Trigger Thresholds)
EVT_2021_NOV_DEPRESSION,HS06,2021-11-06T01:00,0.0,0.0,0.0,0.0,False,0.0,Low,CELL_VYA_01,True,Proxy/Synthetic Development Observation (Calibrated to GCC Chronic Hotspot Trigger Thresholds)
EVT_2021_NOV_DEPRESSION,HS06,2021-11-06T02:00,0.0,0.0,0.0,0.0,False,0.0,Low,CELL_VYA_01,True,Proxy/Synthetic Development Observation (Calibrated to GCC Chronic Hotspot Trigger Thresholds)
EVT_2021_NOV_DEPRESSION,HS06,2021-11-06T03:00,0.0,0.0,0.1,0.0,False,0.0,Low,CELL_VYA_01,True,Proxy/Synthetic Development Observation (Calibrated to GCC Chronic Hotspot Trigger Thresholds)
EVT_2021_NOV_DEPRESSION,HS06,2021-11-06T04:00,0.0,0.0,0.3,0.0,False,0.0,Low,CELL_VYA_01,True,Proxy/Synthetic Development Observation (Calibrated to GCC Chronic Hotspot Trigger Thresholds)
EVT_2021_NOV_DEPRESSION,HS06,2021-11-06T05:00,0.0,0.0,0.9,0.0,False,0.0,Low,CELL_VYA_01,True,Proxy/Synthetic Development Observation (Calibrated to GCC Chronic Hotspot Trigger Thresholds)
EVT_2021_NOV_DEPRESSION,HS06,2021-11-06T06:00,0.0,0.1,1.7,0.0,False,0.0,Low,CELL_VYA_01,True,Proxy/Synthetic Development Observation (Calibrated to GCC Chronic Hotspot Trigger Thresholds)
EVT_2021_NOV_DEPRESSION,HS06,2021-11-06T07:00,0.0,0.3,1.9,0.0,False,0.0,Low,CELL_VYA_01,True,Proxy/Synthetic Development Observation (Calibrated to GCC Chronic Hotspot Trigger Thresholds)
EVT_2021_NOV_DEPRESSION,HS06,2021-11-06T08:00,0.1,0.9,2.4,0.0,False,0.0,Low,CELL_VYA_01,True,Proxy/Synthetic Development Observation (Calibrated to GCC Chronic Hotspot Trigger Thresholds)
EVT_2021_NOV_DEPRESSION,HS06,2021-11-06T09:00,0.2,1.6,2.4,0.1,False,0.0,Low,CELL_VYA_01,True,Proxy/Synthetic Development Observation (Calibrated to GCC Chronic Hotspot Trigger Thresholds)
EVT_2021_NOV_DEPRESSION,HS06,2021-11-06T10:00,0.6,1.6,2.3,0.3,False,0.0,Low,CELL_VYA_01,True,Proxy/Synthetic Development Observation (Calibrated to GCC Chronic Hotspot Trigger Thresholds)
EVT_2021_NOV_DEPRESSION,HS06,2021-11-06T11:00,0.8,1.5,2.2,0.9,False,0.0,Low,CELL_VYA_01,True,Proxy/Synthetic Development Observation (Calibrated to GCC Chronic Hotspot Trigger Thresholds)
EVT_2021_NOV_DEPRESSION,HS06,2021-11-06T12:00,0.2,0.8,1.5,1.7,False,0.0,Low,CELL_VYA_01,True,Proxy/Synthetic Development Observation (Calibrated to GCC Chronic Hotspot Trigger Thresholds)
EVT_2021_NOV_DEPRESSION,HS06,2021-11-06T13:00,0.5,0.7,1.8,1.9,False,0.0,Low,CELL_VYA_01,True,Proxy/Synthetic Development Observation (Calibrated to GCC Chronic Hotspot Trigger Thresholds)
EVT_2021_NOV_DEPRESSION,HS06,2021-11-06T14:00,0.1,0.7,4.8,2.4,False,0.0,Low,CELL_VYA_01,True,Proxy/Synthetic Development Observation (Calibrated to GCC Chronic Hotspot Trigger Thresholds)
EVT_2021_NOV_DEPRESSION,HS06,2021-11-06T15:00,0.1,0.7,5.4,2.5,False,0.0,Low,CELL_VYA_01,True,Proxy/Synthetic Development Observation (Calibrated to GCC Chronic Hotspot Trigger Thresholds)
EVT_2021_NOV_DEPRESSION,HS06,2021-11-06T16:00,0.5,1.1,5.5,2.6,False,0.0,Low,CELL_VYA_01,True,Proxy/Synthetic Development Observation (Calibrated to GCC Chronic Hotspot Trigger Thresholds)
EVT_2021_NOV_DEPRESSION,HS06,2021-11-06T17:00,0.1,4.1,10.7,3.1,False,0.0,Moderate,CELL_VYA_01,True,Proxy/Synthetic Development Observation (Calibrated to GCC Chronic Hotspot Trigger Thresholds)
EVT_2021_NOV_DEPRESSION,HS06,2021-11-06T18:00,0.5,4.7,14.7,3.2,False,0.0,Moderate,CELL_VYA_01,True,Proxy/Synthetic Development Observation (Calibrated to GCC Chronic Hotspot Trigger Thresholds)
EVT_2021_NOV_DEPRESSION,HS06,2021-11-06T19:00,3.5,4.4,18.1,3.7,False,0.0,Moderate,CELL_VYA_01,True,Proxy/Synthetic Development Observation (Calibrated to GCC Chronic Hotspot Trigger Thresholds)
EVT_2021_NOV_DEPRESSION,HS06,2021-11-06T20:00,0.7,6.6,18.9,7.2,False,0.0,Moderate,CELL_VYA_01,True,Proxy/Synthetic Development Observation (Calibrated to GCC Chronic Hotspot Trigger Thresholds)
EVT_2021_NOV_DEPRESSION,HS06,2021-11-06T21:00,0.2,10.0,20.6,7.9,False,0.0,Moderate,CELL_VYA_01,True,Proxy/Synthetic Development Observation (Calibrated to GCC Chronic Hotspot Trigger Thresholds)
EVT_2021_NOV_DEPRESSION,HS06,2021-11-06T22:00,5.7,13.7,27.4,8.1,False,0.0,Moderate,CELL_VYA_01,True,Proxy/Synthetic Development Observation (Calibrated to GCC Chronic Hotspot Trigger Thresholds)
EVT_2021_NOV_DEPRESSION,HS06,2021-11-06T23:00,4.1,12.3,23.8,13.8,False,0.0,Moderate,CELL_VYA_01,True,Proxy/Synthetic Development Observation (Calibrated to GCC Chronic Hotspot Trigger Thresholds)
EVT_2021_NOV_DEPRESSION,HS06,2021-11-07T00:00,3.9,10.6,21.8,17.9,False,0.0,Moderate,CELL_VYA_01,True,Proxy/Synthetic Development Observation (Calibrated to GCC Chronic Hotspot Trigger Thresholds)
EVT_2021_NOV_DEPRESSION,HS06,2021-11-07T01:00,4.3,13.7,21.4,21.8,False,0.0,Moderate,CELL_VYA_01,True,Proxy/Synthetic Development Observation (Calibrated to GCC Chronic Hotspot Trigger Thresholds)
EVT_2021_NOV_DEPRESSION,HS06,2021-11-07T02:00,2.4,11.5,20.6,26.1,False,0.0,Moderate,CELL_VYA_01,True,Proxy/Synthetic Development Observation (Calibrated to GCC Chronic Hotspot Trigger Thresholds)
EVT_2021_NOV_DEPRESSION,HS06,2021-11-07T03:00,7.0,11.2,19.0,28.5,False,0.0,Moderate,CELL_VYA_01,True,Proxy/Synthetic Development Observation (Calibrated to GCC Chronic Hotspot Trigger Thresholds)
EVT_2021_NOV_DEPRESSION,HS06,2021-11-07T04:00,2.1,7.7,14.2,35.5,False,0.0,Moderate,CELL_VYA_01,True,Proxy/Synthetic Development Observation (Calibrated to GCC Chronic Hotspot Trigger Thresholds)
EVT_2021_NOV_DEPRESSION,HS06,2021-11-07T05:00,2.1,9.1,13.6,37.6,False,0.0,Moderate,CELL_VYA_01,True,Proxy/Synthetic Development Observation (Calibrated to GCC Chronic Hotspot Trigger Thresholds)
EVT_2021_NOV_DEPRESSION,HS06,2021-11-07T06:00,3.5,7.8,13.7,39.7,False,0.0,Moderate,CELL_VYA_01,True,Proxy/Synthetic Development Observation (Calibrated to GCC Chronic Hotspot Trigger Thresholds)
EVT_2021_NOV_DEPRESSION,HS06,2021-11-07T07:00,3.5,6.5,12.1,43.2,False,0.0,Moderate,CELL_VYA_01,True,Proxy/Synthetic Development Observation (Calibrated to GCC Chronic Hotspot Trigger Thresholds)
EVT_2021_NOV_DEPRESSION,HS06,2021-11-07T08:00,0.8,4.5,10.8,46.7,False,0.0,Moderate,CELL_VYA_01,True,Proxy/Synthetic Development Observation (Calibrated to GCC Chronic Hotspot Trigger Thresholds)
EVT_2021_NOV_DEPRESSION,HS06,2021-11-07T09:00,2.2,5.9,13.9,47.4,False,0.0,Moderate,CELL_VYA_01,True,Proxy/Synthetic Development Observation (Calibrated to GCC Chronic Hotspot Trigger Thresholds)
EVT_2021_NOV_DEPRESSION,HS06,2021-11-07T10:00,1.5,5.6,12.3,49.4,False,0.0,Moderate,CELL_VYA_01,True,Proxy/Synthetic Development Observation (Calibrated to GCC Chronic Hotspot Trigger Thresholds)
EVT_2021_NOV_DEPRESSION,HS06,2021-11-07T11:00,2.2,6.3,11.2,50.3,False,0.0,Moderate,CELL_VYA_01,True,Proxy/Synthetic Development Observation (Calibrated to GCC Chronic Hotspot Trigger Thresholds)
EVT_2021_NOV_DEPRESSION,HS06,2021-11-07T12:00,1.9,8.0,9.1,51.7,False,0.0,Moderate,CELL_VYA_01,True,Proxy/Synthetic Development Observation (Calibrated to GCC Chronic Hotspot Trigger Thresholds)
EVT_2021_NOV_DEPRESSION,HS06,2021-11-07T13:00,2.2,6.7,7.8,53.4,False,0.0,Moderate,CELL_VYA_01,True,Proxy/Synthetic Development Observation (Calibrated to GCC Chronic Hotspot Trigger Thresholds)
EVT_2021_NOV_DEPRESSION,HS06,2021-11-07T14:00,3.9,4.9,6.0,55.1,False,0.0,Low,CELL_VYA_01,True,Proxy/Synthetic Development Observation (Calibrated to GCC Chronic Hotspot Trigger Thresholds)
EVT_2021_NOV_DEPRESSION,HS06,2021-11-07T15:00,0.6,1.1,6.9,58.9,False,0.0,Low,CELL_VYA_01,True,Proxy/Synthetic Development Observation (Calibrated to GCC Chronic Hotspot Trigger Thresholds)
EVT_2021_NOV_DEPRESSION,HS06,2021-11-07T16:00,0.4,1.1,11.1,59.4,False,0.0,Moderate,CELL_VYA_01,True,Proxy/Synthetic Development Observation (Calibrated to GCC Chronic Hotspot Trigger Thresholds)
EVT_2021_NOV_DEPRESSION,HS06,2021-11-07T17:00,0.1,1.1,11.4,59.3,False,0.0,Moderate,CELL_VYA_01,True,Proxy/Synthetic Development Observation (Calibrated to GCC Chronic Hotspot Trigger Thresholds)
EVT_2021_NOV_DEPRESSION,HS06,2021-11-07T18:00,0.6,5.8,13.7,59.3,False,0.0,Moderate,CELL_VYA_01,True,Proxy/Synthetic Development Observation (Calibrated to GCC Chronic Hotspot Trigger Thresholds)
EVT_2021_NOV_DEPRESSION,HS06,2021-11-07T19:00,0.4,10.0,13.5,59.4,False,0.0,Moderate,CELL_VYA_01,True,Proxy/Synthetic Development Observation (Calibrated to GCC Chronic Hotspot Trigger Thresholds)
EVT_2021_NOV_DEPRESSION,HS06,2021-11-07T20:00,4.8,10.3,18.4,56.3,False,0.0,Moderate,CELL_VYA_01,True,Proxy/Synthetic Development Observation (Calibrated to GCC Chronic Hotspot Trigger Thresholds)
EVT_2021_NOV_DEPRESSION,HS06,2021-11-07T21:00,4.8,7.9,14.1,60.4,False,0.0,Moderate,CELL_VYA_01,True,Proxy/Synthetic Development Observation (Calibrated to GCC Chronic Hotspot Trigger Thresholds)
EVT_2021_NOV_DEPRESSION,HS06,2021-11-07T22:00,0.7,3.5,10.0,65.0,False,0.0,Moderate,CELL_VYA_01,True,Proxy/Synthetic Development Observation (Calibrated to GCC Chronic Hotspot Trigger Thresholds)
EVT_2021_NOV_DEPRESSION,HS06,2021-11-07T23:00,2.4,8.1,10.0,60.0,False,0.0,Moderate,CELL_VYA_01,True,Proxy/Synthetic Development Observation (Calibrated to GCC Chronic Hotspot Trigger Thresholds)
EVT_2021_NOV_DEPRESSION,HS06,2021-11-08T00:00,0.4,6.2,7.9,58.3,False,0.0,Moderate,CELL_VYA_01,True,Proxy/Synthetic Development Observation (Calibrated to GCC Chronic Hotspot Trigger Thresholds)
EVT_2021_NOV_DEPRESSION,HS06,2021-11-08T01:00,5.3,6.5,7.6,54.8,False,0.0,Moderate,CELL_VYA_01,True,Proxy/Synthetic Development Observation (Calibrated to GCC Chronic Hotspot Trigger Thresholds)
EVT_2021_NOV_DEPRESSION,HS06,2021-11-08T02:00,0.5,1.9,2.5,55.8,False,0.0,Low,CELL_VYA_01,True,Proxy/Synthetic Development Observation (Calibrated to GCC Chronic Hotspot Trigger Thresholds)
EVT_2021_NOV_DEPRESSION,HS06,2021-11-08T03:00,0.7,1.7,2.1,53.9,False,0.0,Low,CELL_VYA_01,True,Proxy/Synthetic Development Observation (Calibrated to GCC Chronic Hotspot Trigger Thresholds)
EVT_2021_NOV_DEPRESSION,HS06,2021-11-08T04:00,0.7,1.1,1.5,47.6,False,0.0,Low,CELL_VYA_01,True,Proxy/Synthetic Development Observation (Calibrated to GCC Chronic Hotspot Trigger Thresholds)
EVT_2021_NOV_DEPRESSION,HS06,2021-11-08T05:00,0.3,0.6,0.8,46.2,False,0.0,Low,CELL_VYA_01,True,Proxy/Synthetic Development Observation (Calibrated to GCC Chronic Hotspot Trigger Thresholds)
EVT_2021_NOV_DEPRESSION,HS06,2021-11-08T06:00,0.1,0.4,0.5,44.4,False,0.0,Low,CELL_VYA_01,True,Proxy/Synthetic Development Observation (Calibrated to GCC Chronic Hotspot Trigger Thresholds)
EVT_2021_NOV_DEPRESSION,HS06,2021-11-08T07:00,0.2,0.4,0.5,41.0,False,0.0,Low,CELL_VYA_01,True,Proxy/Synthetic Development Observation (Calibrated to GCC Chronic Hotspot Trigger Thresholds)
EVT_2021_NOV_DEPRESSION,HS06,2021-11-08T08:00,0.1,0.2,0.4,37.7,False,0.0,Low,CELL_VYA_01,True,Proxy/Synthetic Development Observation (Calibrated to GCC Chronic Hotspot Trigger Thresholds)
EVT_2021_NOV_DEPRESSION,HS06,2021-11-08T09:00,0.1,0.1,0.4,37.0,False,0.0,Low,CELL_VYA_01,True,Proxy/Synthetic Development Observation (Calibrated to GCC Chronic Hotspot Trigger Thresholds)
EVT_2021_NOV_DEPRESSION,HS06,2021-11-08T10:00,0.0,0.1,0.4,34.9,False,0.0,Low,CELL_VYA_01,True,Proxy/Synthetic Development Observation (Calibrated to GCC Chronic Hotspot Trigger Thresholds)
EVT_2021_NOV_DEPRESSION,HS06,2021-11-08T11:00,0.0,0.2,0.5,33.4,False,0.0,Low,CELL_VYA_01,True,Proxy/Synthetic Development Observation (Calibrated to GCC Chronic Hotspot Trigger Thresholds)
EVT_2021_NOV_DEPRESSION,HS06,2021-11-08T12:00,0.1,0.3,0.5,31.2,False,0.0,Low,CELL_VYA_01,True,Proxy/Synthetic Development Observation (Calibrated to GCC Chronic Hotspot Trigger Thresholds)
EVT_2021_NOV_DEPRESSION,HS06,2021-11-08T13:00,0.1,0.3,1.0,29.4,False,0.0,Low,CELL_VYA_01,True,Proxy/Synthetic Development Observation (Calibrated to GCC Chronic Hotspot Trigger Thresholds)
EVT_2021_NOV_DEPRESSION,HS06,2021-11-08T14:00,0.1,0.3,1.4,27.3,False,0.0,Low,CELL_VYA_01,True,Proxy/Synthetic Development Observation (Calibrated to GCC Chronic Hotspot Trigger Thresholds)
EVT_2021_NOV_DEPRESSION,HS06,2021-11-08T15:00,0.1,0.2,1.8,23.5,False,0.0,Low,CELL_VYA_01,True,Proxy/Synthetic Development Observation (Calibrated to GCC Chronic Hotspot Trigger Thresholds)
EVT_2021_NOV_DEPRESSION,HS06,2021-11-08T16:00,0.1,0.7,2.2,23.0,False,0.0,Low,CELL_VYA_01,True,Proxy/Synthetic Development Observation (Calibrated to GCC Chronic Hotspot Trigger Thresholds)
EVT_2021_NOV_DEPRESSION,HS06,2021-11-08T17:00,0.0,1.1,2.8,22.7,False,0.0,Low,CELL_VYA_01,True,Proxy/Synthetic Development Observation (Calibrated to GCC Chronic Hotspot Trigger Thresholds)
EVT_2021_NOV_DEPRESSION,HS06,2021-11-08T18:00,0.6,1.6,3.9,22.6,False,0.0,Low,CELL_VYA_01,True,Proxy/Synthetic Development Observation (Calibrated to GCC Chronic Hotspot Trigger Thresholds)
EVT_2021_NOV_DEPRESSION,HS06,2021-11-08T19:00,0.5,1.5,3.3,22.6,False,0.0,Low,CELL_VYA_01,True,Proxy/Synthetic Development Observation (Calibrated to GCC Chronic Hotspot Trigger Thresholds)
EVT_2021_NOV_DEPRESSION,HS06,2021-11-08T20:00,0.5,1.7,2.8,22.7,False,0.0,Low,CELL_VYA_01,True,Proxy/Synthetic Development Observation (Calibrated to GCC Chronic Hotspot Trigger Thresholds)
EVT_2021_NOV_DEPRESSION,HS06,2021-11-08T21:00,0.5,2.3,2.3,18.4,False,0.0,Low,CELL_VYA_01,True,Proxy/Synthetic Development Observation (Calibrated to GCC Chronic Hotspot Trigger Thresholds)
EVT_2021_NOV_DEPRESSION,HS06,2021-11-08T22:00,0.7,1.8,1.8,14.1,False,0.0,Low,CELL_VYA_01,True,Proxy/Synthetic Development Observation (Calibrated to GCC Chronic Hotspot Trigger Thresholds)
EVT_2021_NOV_DEPRESSION,HS06,2021-11-08T23:00,1.1,1.1,1.1,14.1,False,0.0,Low,CELL_VYA_01,True,Proxy/Synthetic Development Observation (Calibrated to GCC Chronic Hotspot Trigger Thresholds)
EVT_2021_NOV_DEPRESSION,HS07,2021-11-06T00:00,0.0,0.0,0.0,0,False,0.0,Low,CELL_PRM_01,True,Proxy/Synthetic Development Observation (Calibrated to GCC Chronic Hotspot Trigger Thresholds)
EVT_2021_NOV_DEPRESSION,HS07,2021-11-06T01:00,0.0,0.0,0.0,0.0,False,0.0,Low,CELL_PRM_01,True,Proxy/Synthetic Development Observation (Calibrated to GCC Chronic Hotspot Trigger Thresholds)
EVT_2021_NOV_DEPRESSION,HS07,2021-11-06T02:00,0.0,0.0,0.0,0.0,False,0.0,Low,CELL_PRM_01,True,Proxy/Synthetic Development Observation (Calibrated to GCC Chronic Hotspot Trigger Thresholds)
EVT_2021_NOV_DEPRESSION,HS07,2021-11-06T03:00,0.0,0.0,0.1,0.0,False,0.0,Low,CELL_PRM_01,True,Proxy/Synthetic Development Observation (Calibrated to GCC Chronic Hotspot Trigger Thresholds)
EVT_2021_NOV_DEPRESSION,HS07,2021-11-06T04:00,0.0,0.0,0.3,0.0,False,0.0,Low,CELL_PRM_01,True,Proxy/Synthetic Development Observation (Calibrated to GCC Chronic Hotspot Trigger Thresholds)
EVT_2021_NOV_DEPRESSION,HS07,2021-11-06T05:00,0.0,0.0,0.9,0.0,False,0.0,Low,CELL_PRM_01,True,Proxy/Synthetic Development Observation (Calibrated to GCC Chronic Hotspot Trigger Thresholds)
EVT_2021_NOV_DEPRESSION,HS07,2021-11-06T06:00,0.0,0.1,1.7,0.0,False,0.0,Low,CELL_PRM_01,True,Proxy/Synthetic Development Observation (Calibrated to GCC Chronic Hotspot Trigger Thresholds)
EVT_2021_NOV_DEPRESSION,HS07,2021-11-06T07:00,0.0,0.3,1.9,0.0,False,0.0,Low,CELL_PRM_01,True,Proxy/Synthetic Development Observation (Calibrated to GCC Chronic Hotspot Trigger Thresholds)
EVT_2021_NOV_DEPRESSION,HS07,2021-11-06T08:00,0.1,0.9,2.4,0.0,False,0.0,Low,CELL_PRM_01,True,Proxy/Synthetic Development Observation (Calibrated to GCC Chronic Hotspot Trigger Thresholds)
EVT_2021_NOV_DEPRESSION,HS07,2021-11-06T09:00,0.2,1.6,2.4,0.1,False,0.0,Low,CELL_PRM_01,True,Proxy/Synthetic Development Observation (Calibrated to GCC Chronic Hotspot Trigger Thresholds)
EVT_2021_NOV_DEPRESSION,HS07,2021-11-06T10:00,0.6,1.6,2.3,0.3,False,0.0,Low,CELL_PRM_01,True,Proxy/Synthetic Development Observation (Calibrated to GCC Chronic Hotspot Trigger Thresholds)
EVT_2021_NOV_DEPRESSION,HS07,2021-11-06T11:00,0.8,1.5,2.2,0.9,False,0.0,Low,CELL_PRM_01,True,Proxy/Synthetic Development Observation (Calibrated to GCC Chronic Hotspot Trigger Thresholds)
EVT_2021_NOV_DEPRESSION,HS07,2021-11-06T12:00,0.2,0.8,1.5,1.7,False,0.0,Low,CELL_PRM_01,True,Proxy/Synthetic Development Observation (Calibrated to GCC Chronic Hotspot Trigger Thresholds)
EVT_2021_NOV_DEPRESSION,HS07,2021-11-06T13:00,0.5,0.7,1.8,1.9,False,0.0,Low,CELL_PRM_01,True,Proxy/Synthetic Development Observation (Calibrated to GCC Chronic Hotspot Trigger Thresholds)
EVT_2021_NOV_DEPRESSION,HS07,2021-11-06T14:00,0.1,0.7,4.8,2.4,False,0.0,Low,CELL_PRM_01,True,Proxy/Synthetic Development Observation (Calibrated to GCC Chronic Hotspot Trigger Thresholds)
EVT_2021_NOV_DEPRESSION,HS07,2021-11-06T15:00,0.1,0.7,5.4,2.5,False,0.0,Low,CELL_PRM_01,True,Proxy/Synthetic Development Observation (Calibrated to GCC Chronic Hotspot Trigger Thresholds)
EVT_2021_NOV_DEPRESSION,HS07,2021-11-06T16:00,0.5,1.1,5.5,2.6,False,0.0,Low,CELL_PRM_01,True,Proxy/Synthetic Development Observation (Calibrated to GCC Chronic Hotspot Trigger Thresholds)
EVT_2021_NOV_DEPRESSION,HS07,2021-11-06T17:00,0.1,4.1,10.7,3.1,False,0.0,Moderate,CELL_PRM_01,True,Proxy/Synthetic Development Observation (Calibrated to GCC Chronic Hotspot Trigger Thresholds)
EVT_2021_NOV_DEPRESSION,HS07,2021-11-06T18:00,0.5,4.7,14.7,3.2,False,0.0,Moderate,CELL_PRM_01,True,Proxy/Synthetic Development Observation (Calibrated to GCC Chronic Hotspot Trigger Thresholds)
EVT_2021_NOV_DEPRESSION,HS07,2021-11-06T19:00,3.5,4.4,18.1,3.7,False,0.0,Moderate,CELL_PRM_01,True,Proxy/Synthetic Development Observation (Calibrated to GCC Chronic Hotspot Trigger Thresholds)
EVT_2021_NOV_DEPRESSION,HS07,2021-11-06T20:00,0.7,6.6,18.9,7.2,False,0.0,Moderate,CELL_PRM_01,True,Proxy/Synthetic Development Observation (Calibrated to GCC Chronic Hotspot Trigger Thresholds)
EVT_2021_NOV_DEPRESSION,HS07,2021-11-06T21:00,0.2,10.0,20.6,7.9,False,0.0,Moderate,CELL_PRM_01,True,Proxy/Synthetic Development Observation (Calibrated to GCC Chronic Hotspot Trigger Thresholds)
EVT_2021_NOV_DEPRESSION,HS07,2021-11-06T22:00,5.7,13.7,27.4,8.1,False,0.0,Moderate,CELL_PRM_01,True,Proxy/Synthetic Development Observation (Calibrated to GCC Chronic Hotspot Trigger Thresholds)
EVT_2021_NOV_DEPRESSION,HS07,2021-11-06T23:00,4.1,12.3,23.8,13.8,False,0.0,Moderate,CELL_PRM_01,True,Proxy/Synthetic Development Observation (Calibrated to GCC Chronic Hotspot Trigger Thresholds)
EVT_2021_NOV_DEPRESSION,HS07,2021-11-07T00:00,3.9,10.6,21.8,17.9,False,0.0,Moderate,CELL_PRM_01,True,Proxy/Synthetic Development Observation (Calibrated to GCC Chronic Hotspot Trigger Thresholds)
EVT_2021_NOV_DEPRESSION,HS07,2021-11-07T01:00,4.3,13.7,21.4,21.8,False,0.0,Moderate,CELL_PRM_01,True,Proxy/Synthetic Development Observation (Calibrated to GCC Chronic Hotspot Trigger Thresholds)
EVT_2021_NOV_DEPRESSION,HS07,2021-11-07T02:00,2.4,11.5,20.6,26.1,False,0.0,Moderate,CELL_PRM_01,True,Proxy/Synthetic Development Observation (Calibrated to GCC Chronic Hotspot Trigger Thresholds)
EVT_2021_NOV_DEPRESSION,HS07,2021-11-07T03:00,7.0,11.2,19.0,28.5,False,0.0,Moderate,CELL_PRM_01,True,Proxy/Synthetic Development Observation (Calibrated to GCC Chronic Hotspot Trigger Thresholds)
EVT_2021_NOV_DEPRESSION,HS07,2021-11-07T04:00,2.1,7.7,14.2,35.5,False,0.0,Moderate,CELL_PRM_01,True,Proxy/Synthetic Development Observation (Calibrated to GCC Chronic Hotspot Trigger Thresholds)
EVT_2021_NOV_DEPRESSION,HS07,2021-11-07T05:00,2.1,9.1,13.6,37.6,False,0.0,Moderate,CELL_PRM_01,True,Proxy/Synthetic Development Observation (Calibrated to GCC Chronic Hotspot Trigger Thresholds)
EVT_2021_NOV_DEPRESSION,HS07,2021-11-07T06:00,3.5,7.8,13.7,39.7,False,0.0,Moderate,CELL_PRM_01,True,Proxy/Synthetic Development Observation (Calibrated to GCC Chronic Hotspot Trigger Thresholds)
EVT_2021_NOV_DEPRESSION,HS07,2021-11-07T07:00,3.5,6.5,12.1,43.2,False,0.0,Moderate,CELL_PRM_01,True,Proxy/Synthetic Development Observation (Calibrated to GCC Chronic Hotspot Trigger Thresholds)
EVT_2021_NOV_DEPRESSION,HS07,2021-11-07T08:00,0.8,4.5,10.8,46.7,False,0.0,Moderate,CELL_PRM_01,True,Proxy/Synthetic Development Observation (Calibrated to GCC Chronic Hotspot Trigger Thresholds)
EVT_2021_NOV_DEPRESSION,HS07,2021-11-07T09:00,2.2,5.9,13.9,47.4,False,0.0,Moderate,CELL_PRM_01,True,Proxy/Synthetic Development Observation (Calibrated to GCC Chronic Hotspot Trigger Thresholds)
EVT_2021_NOV_DEPRESSION,HS07,2021-11-07T10:00,1.5,5.6,12.3,49.4,False,0.0,Moderate,CELL_PRM_01,True,Proxy/Synthetic Development Observation (Calibrated to GCC Chronic Hotspot Trigger Thresholds)
EVT_2021_NOV_DEPRESSION,HS07,2021-11-07T11:00,2.2,6.3,11.2,50.3,False,0.0,Moderate,CELL_PRM_01,True,Proxy/Synthetic Development Observation (Calibrated to GCC Chronic Hotspot Trigger Thresholds)
EVT_2021_NOV_DEPRESSION,HS07,2021-11-07T12:00,1.9,8.0,9.1,51.7,False,0.0,Low,CELL_PRM_01,True,Proxy/Synthetic Development Observation (Calibrated to GCC Chronic Hotspot Trigger Thresholds)
EVT_2021_NOV_DEPRESSION,HS07,2021-11-07T13:00,2.2,6.7,7.8,53.4,False,0.0,Low,CELL_PRM_01,True,Proxy/Synthetic Development Observation (Calibrated to GCC Chronic Hotspot Trigger Thresholds)
EVT_2021_NOV_DEPRESSION,HS07,2021-11-07T14:00,3.9,4.9,6.0,55.1,False,0.0,Low,CELL_PRM_01,True,Proxy/Synthetic Development Observation (Calibrated to GCC Chronic Hotspot Trigger Thresholds)
EVT_2021_NOV_DEPRESSION,HS07,2021-11-07T15:00,0.6,1.1,6.9,58.9,False,0.0,Low,CELL_PRM_01,True,Proxy/Synthetic Development Observation (Calibrated to GCC Chronic Hotspot Trigger Thresholds)
EVT_2021_NOV_DEPRESSION,HS07,2021-11-07T16:00,0.4,1.1,11.1,59.4,False,0.0,Moderate,CELL_PRM_01,True,Proxy/Synthetic Development Observation (Calibrated to GCC Chronic Hotspot Trigger Thresholds)
EVT_2021_NOV_DEPRESSION,HS07,2021-11-07T17:00,0.1,1.1,11.4,59.3,False,0.0,Moderate,CELL_PRM_01,True,Proxy/Synthetic Development Observation (Calibrated to GCC Chronic Hotspot Trigger Thresholds)
EVT_2021_NOV_DEPRESSION,HS07,2021-11-07T18:00,0.6,5.8,13.7,59.3,False,0.0,Moderate,CELL_PRM_01,True,Proxy/Synthetic Development Observation (Calibrated to GCC Chronic Hotspot Trigger Thresholds)
EVT_2021_NOV_DEPRESSION,HS07,2021-11-07T19:00,0.4,10.0,13.5,59.4,False,0.0,Moderate,CELL_PRM_01,True,Proxy/Synthetic Development Observation (Calibrated to GCC Chronic Hotspot Trigger Thresholds)
EVT_2021_NOV_DEPRESSION,HS07,2021-11-07T20:00,4.8,10.3,18.4,56.3,False,0.0,Moderate,CELL_PRM_01,True,Proxy/Synthetic Development Observation (Calibrated to GCC Chronic Hotspot Trigger Thresholds)
EVT_2021_NOV_DEPRESSION,HS07,2021-11-07T21:00,4.8,7.9,14.1,60.4,False,0.0,Moderate,CELL_PRM_01,True,Proxy/Synthetic Development Observation (Calibrated to GCC Chronic Hotspot Trigger Thresholds)
EVT_2021_NOV_DEPRESSION,HS07,2021-11-07T22:00,0.7,3.5,10.0,65.0,False,0.0,Moderate,CELL_PRM_01,True,Proxy/Synthetic Development Observation (Calibrated to GCC Chronic Hotspot Trigger Thresholds)
EVT_2021_NOV_DEPRESSION,HS07,2021-11-07T23:00,2.4,8.1,10.0,60.0,False,0.0,Moderate,CELL_PRM_01,True,Proxy/Synthetic Development Observation (Calibrated to GCC Chronic Hotspot Trigger Thresholds)
EVT_2021_NOV_DEPRESSION,HS07,2021-11-08T00:00,0.4,6.2,7.9,58.3,False,0.0,Low,CELL_PRM_01,True,Proxy/Synthetic Development Observation (Calibrated to GCC Chronic Hotspot Trigger Thresholds)
EVT_2021_NOV_DEPRESSION,HS07,2021-11-08T01:00,5.3,6.5,7.6,54.8,False,0.0,Low,CELL_PRM_01,True,Proxy/Synthetic Development Observation (Calibrated to GCC Chronic Hotspot Trigger Thresholds)
EVT_2021_NOV_DEPRESSION,HS07,2021-11-08T02:00,0.5,1.9,2.5,55.8,False,0.0,Low,CELL_PRM_01,True,Proxy/Synthetic Development Observation (Calibrated to GCC Chronic Hotspot Trigger Thresholds)
EVT_2021_NOV_DEPRESSION,HS07,2021-11-08T03:00,0.7,1.7,2.1,53.9,False,0.0,Low,CELL_PRM_01,True,Proxy/Synthetic Development Observation (Calibrated to GCC Chronic Hotspot Trigger Thresholds)
EVT_2021_NOV_DEPRESSION,HS07,2021-11-08T04:00,0.7,1.1,1.5,47.6,False,0.0,Low,CELL_PRM_01,True,Proxy/Synthetic Development Observation (Calibrated to GCC Chronic Hotspot Trigger Thresholds)
EVT_2021_NOV_DEPRESSION,HS07,2021-11-08T05:00,0.3,0.6,0.8,46.2,False,0.0,Low,CELL_PRM_01,True,Proxy/Synthetic Development Observation (Calibrated to GCC Chronic Hotspot Trigger Thresholds)
EVT_2021_NOV_DEPRESSION,HS07,2021-11-08T06:00,0.1,0.4,0.5,44.4,False,0.0,Low,CELL_PRM_01,True,Proxy/Synthetic Development Observation (Calibrated to GCC Chronic Hotspot Trigger Thresholds)
EVT_2021_NOV_DEPRESSION,HS07,2021-11-08T07:00,0.2,0.4,0.5,41.0,False,0.0,Low,CELL_PRM_01,True,Proxy/Synthetic Development Observation (Calibrated to GCC Chronic Hotspot Trigger Thresholds)
EVT_2021_NOV_DEPRESSION,HS07,2021-11-08T08:00,0.1,0.2,0.4,37.7,False,0.0,Low,CELL_PRM_01,True,Proxy/Synthetic Development Observation (Calibrated to GCC Chronic Hotspot Trigger Thresholds)
EVT_2021_NOV_DEPRESSION,HS07,2021-11-08T09:00,0.1,0.1,0.4,37.0,False,0.0,Low,CELL_PRM_01,True,Proxy/Synthetic Development Observation (Calibrated to GCC Chronic Hotspot Trigger Thresholds)
EVT_2021_NOV_DEPRESSION,HS07,2021-11-08T10:00,0.0,0.1,0.4,34.9,False,0.0,Low,CELL_PRM_01,True,Proxy/Synthetic Development Observation (Calibrated to GCC Chronic Hotspot Trigger Thresholds)
EVT_2021_NOV_DEPRESSION,HS07,2021-11-08T11:00,0.0,0.2,0.5,33.4,False,0.0,Low,CELL_PRM_01,True,Proxy/Synthetic Development Observation (Calibrated to GCC Chronic Hotspot Trigger Thresholds)
EVT_2021_NOV_DEPRESSION,HS07,2021-11-08T12:00,0.1,0.3,0.5,31.2,False,0.0,Low,CELL_PRM_01,True,Proxy/Synthetic Development Observation (Calibrated to GCC Chronic Hotspot Trigger Thresholds)
EVT_2021_NOV_DEPRESSION,HS07,2021-11-08T13:00,0.1,0.3,1.0,29.4,False,0.0,Low,CELL_PRM_01,True,Proxy/Synthetic Development Observation (Calibrated to GCC Chronic Hotspot Trigger Thresholds)
EVT_2021_NOV_DEPRESSION,HS07,2021-11-08T14:00,0.1,0.3,1.4,27.3,False,0.0,Low,CELL_PRM_01,True,Proxy/Synthetic Development Observation (Calibrated to GCC Chronic Hotspot Trigger Thresholds)
EVT_2021_NOV_DEPRESSION,HS07,2021-11-08T15:00,0.1,0.2,1.8,23.5,False,0.0,Low,CELL_PRM_01,True,Proxy/Synthetic Development Observation (Calibrated to GCC Chronic Hotspot Trigger Thresholds)
EVT_2021_NOV_DEPRESSION,HS07,2021-11-08T16:00,0.1,0.7,2.2,23.0,False,0.0,Low,CELL_PRM_01,True,Proxy/Synthetic Development Observation (Calibrated to GCC Chronic Hotspot Trigger Thresholds)
EVT_2021_NOV_DEPRESSION,HS07,2021-11-08T17:00,0.0,1.1,2.8,22.7,False,0.0,Low,CELL_PRM_01,True,Proxy/Synthetic Development Observation (Calibrated to GCC Chronic Hotspot Trigger Thresholds)
EVT_2021_NOV_DEPRESSION,HS07,2021-11-08T18:00,0.6,1.6,3.9,22.6,False,0.0,Low,CELL_PRM_01,True,Proxy/Synthetic Development Observation (Calibrated to GCC Chronic Hotspot Trigger Thresholds)
EVT_2021_NOV_DEPRESSION,HS07,2021-11-08T19:00,0.5,1.5,3.3,22.6,False,0.0,Low,CELL_PRM_01,True,Proxy/Synthetic Development Observation (Calibrated to GCC Chronic Hotspot Trigger Thresholds)
EVT_2021_NOV_DEPRESSION,HS07,2021-11-08T20:00,0.5,1.7,2.8,22.7,False,0.0,Low,CELL_PRM_01,True,Proxy/Synthetic Development Observation (Calibrated to GCC Chronic Hotspot Trigger Thresholds)
EVT_2021_NOV_DEPRESSION,HS07,2021-11-08T21:00,0.5,2.3,2.3,18.4,False,0.0,Low,CELL_PRM_01,True,Proxy/Synthetic Development Observation (Calibrated to GCC Chronic Hotspot Trigger Thresholds)
EVT_2021_NOV_DEPRESSION,HS07,2021-11-08T22:00,0.7,1.8,1.8,14.1,False,0.0,Low,CELL_PRM_01,True,Proxy/Synthetic Development Observation (Calibrated to GCC Chronic Hotspot Trigger Thresholds)
EVT_2021_NOV_DEPRESSION,HS07,2021-11-08T23:00,1.1,1.1,1.1,14.1,False,0.0,Low,CELL_PRM_01,True,Proxy/Synthetic Development Observation (Calibrated to GCC Chronic Hotspot Trigger Thresholds)
